gate_index,instance_name,original_cell,variant_cell,fixed_input_slew_ps,output_capacitance_fF,cell_delay_ps,global_T_period_ps,global_T_skew_ps,global_T_setup_ps,global_T_hold_ps,t_clk_q_max_ps,t_clk_q_min_ps,wire_resistance_ohm,wire_capacitance_fF,downstream_input_cap_fF,clock_period_ps_and_freq,global_slack_ps
1,_174_,sky130_fd_sc_hd__nor2b_4,sky130_fd_sc_hd__nor2b_1,93.66,0.5,132.79416615831013,4000.0,-0.0999999999999659,-3855.2,114.5,399.1,359.5,65.5936,1.7010745500000004,5.388,4000.000 ps (0.250 GHz),509.8
1,_174_,sky130_fd_sc_hd__nor2b_4,sky130_fd_sc_hd__nor2b_1,93.66,1.17076,137.41148137251932,4000.0,-0.0999999999999659,-3855.2,114.5,399.1,359.5,65.5936,1.7010745500000004,5.388,4000.000 ps (0.250 GHz),509.8
1,_174_,sky130_fd_sc_hd__nor2b_4,sky130_fd_sc_hd__nor2b_1,93.66,2.74138,146.5640445587105,4000.0,-0.0999999999999659,-3855.2,114.5,399.1,359.5,65.5936,1.7010745500000004,5.388,4000.000 ps (0.250 GHz),509.8
1,_174_,sky130_fd_sc_hd__nor2b_4,sky130_fd_sc_hd__nor2b_1,93.66,6.41901,180.97477759077952,4000.0,-0.0999999999999659,-3855.2,114.5,399.1,359.5,65.5936,1.7010745500000004,5.388,4000.000 ps (0.250 GHz),509.8
1,_174_,sky130_fd_sc_hd__nor2b_4,sky130_fd_sc_hd__nor2b_1,93.66,15.0303,293.82998332532947,4000.0,-0.0999999999999659,-3855.2,114.5,399.1,359.5,65.5936,1.7010745500000004,5.388,4000.000 ps (0.250 GHz),509.8
1,_174_,sky130_fd_sc_hd__nor2b_4,sky130_fd_sc_hd__nor2b_1,93.66,35.1939,549.5594009496533,4000.0,-0.0999999999999659,-3855.2,114.5,399.1,359.5,65.5936,1.7010745500000004,5.388,4000.000 ps (0.250 GHz),509.8
1,_174_,sky130_fd_sc_hd__nor2b_4,sky130_fd_sc_hd__nor2b_1,93.66,82.40740000000001,1152.4675279722994,4000.0,-0.0999999999999659,-3855.2,114.5,399.1,359.5,65.5936,1.7010745500000004,5.388,4000.000 ps (0.250 GHz),509.8
1,_174_,sky130_fd_sc_hd__nor2b_4,sky130_fd_sc_hd__nor2b_2,93.66,0.5,154.53529925787157,4000.0,-0.0999999999999659,-3855.2,114.5,399.1,359.5,65.5936,1.7010745500000004,5.388,4000.000 ps (0.250 GHz),509.8
1,_174_,sky130_fd_sc_hd__nor2b_4,sky130_fd_sc_hd__nor2b_2,93.66,1.28316,158.47724353219087,4000.0,-0.0999999999999659,-3855.2,114.5,399.1,359.5,65.5936,1.7010745500000004,5.388,4000.000 ps (0.250 GHz),509.8
1,_174_,sky130_fd_sc_hd__nor2b_4,sky130_fd_sc_hd__nor2b_2,93.66,3.29298,166.91412023850214,4000.0,-0.0999999999999659,-3855.2,114.5,399.1,359.5,65.5936,1.7010745500000004,5.388,4000.000 ps (0.250 GHz),509.8
1,_174_,sky130_fd_sc_hd__nor2b_4,sky130_fd_sc_hd__nor2b_2,93.66,8.450809999999999,183.40070508947795,4000.0,-0.0999999999999659,-3855.2,114.5,399.1,359.5,65.5936,1.7010745500000004,5.388,4000.000 ps (0.250 GHz),509.8
1,_174_,sky130_fd_sc_hd__nor2b_4,sky130_fd_sc_hd__nor2b_2,93.66,21.6874,278.5845830487258,4000.0,-0.0999999999999659,-3855.2,114.5,399.1,359.5,65.5936,1.7010745500000004,5.388,4000.000 ps (0.250 GHz),509.8
1,_174_,sky130_fd_sc_hd__nor2b_4,sky130_fd_sc_hd__nor2b_2,93.66,55.6566,530.9029343439894,4000.0,-0.0999999999999659,-3855.2,114.5,399.1,359.5,65.5936,1.7010745500000004,5.388,4000.000 ps (0.250 GHz),509.8
1,_174_,sky130_fd_sc_hd__nor2b_4,sky130_fd_sc_hd__nor2b_2,93.66,142.832,1168.5878302221915,4000.0,-0.0999999999999659,-3855.2,114.5,399.1,359.5,65.5936,1.7010745500000004,5.388,4000.000 ps (0.250 GHz),509.8
1,_174_,sky130_fd_sc_hd__nor2b_4,sky130_fd_sc_hd__nor2b_4,93.66,0.5,133.46028285446872,4000.0,-0.0999999999999659,-3855.2,114.5,399.1,359.5,65.5936,1.7010745500000004,5.388,4000.000 ps (0.250 GHz),509.8
1,_174_,sky130_fd_sc_hd__nor2b_4,sky130_fd_sc_hd__nor2b_4,93.66,1.41285,135.74426327473893,4000.0,-0.0999999999999659,-3855.2,114.5,399.1,359.5,65.5936,1.7010745500000004,5.388,4000.000 ps (0.250 GHz),509.8
1,_174_,sky130_fd_sc_hd__nor2b_4,sky130_fd_sc_hd__nor2b_4,93.66,3.99231,141.34223354677096,4000.0,-0.0999999999999659,-3855.2,114.5,399.1,359.5,65.5936,1.7010745500000004,5.388,4000.000 ps (0.250 GHz),509.8
1,_174_,sky130_fd_sc_hd__nor2b_4,sky130_fd_sc_hd__nor2b_4,93.66,11.2811,172.2198676391058,4000.0,-0.0999999999999659,-3855.2,114.5,399.1,359.5,65.5936,1.7010745500000004,5.388,4000.000 ps (0.250 GHz),509.8
1,_174_,sky130_fd_sc_hd__nor2b_4,sky130_fd_sc_hd__nor2b_4,93.66,31.8771,260.0541142264833,4000.0,-0.0999999999999659,-3855.2,114.5,399.1,359.5,65.5936,1.7010745500000004,5.388,4000.000 ps (0.250 GHz),509.8
1,_174_,sky130_fd_sc_hd__nor2b_4,sky130_fd_sc_hd__nor2b_4,93.66,90.0753,503.02301927601377,4000.0,-0.0999999999999659,-3855.2,114.5,399.1,359.5,65.5936,1.7010745500000004,5.388,4000.000 ps (0.250 GHz),509.8
1,_174_,sky130_fd_sc_hd__nor2b_4,sky130_fd_sc_hd__nor2b_4,93.66,254.52700000000002,1192.279301197414,4000.0,-0.0999999999999659,-3855.2,114.5,399.1,359.5,65.5936,1.7010745500000004,5.388,4000.000 ps (0.250 GHz),509.8
2,_178_,sky130_fd_sc_hd__maj3_2,sky130_fd_sc_hd__maj3_1,44.449999999999996,0.5,296.7610571625175,4000.0,-0.0999999999999659,-3855.2,114.5,399.1,359.5,42.23655,0.5896654,7.356999999999999,4000.000 ps (0.250 GHz),509.8
2,_178_,sky130_fd_sc_hd__maj3_2,sky130_fd_sc_hd__maj3_1,44.449999999999996,1.30167,307.06394000059834,4000.0,-0.0999999999999659,-3855.2,114.5,399.1,359.5,42.23655,0.5896654,7.356999999999999,4000.000 ps (0.250 GHz),509.8
2,_178_,sky130_fd_sc_hd__maj3_2,sky130_fd_sc_hd__maj3_1,44.449999999999996,3.38867,328.6262366158837,4000.0,-0.0999999999999659,-3855.2,114.5,399.1,359.5,42.23655,0.5896654,7.356999999999999,4000.000 ps (0.250 GHz),509.8
2,_178_,sky130_fd_sc_hd__maj3_2,sky130_fd_sc_hd__maj3_1,44.449999999999996,8.82184,369.4010595556191,4000.0,-0.0999999999999659,-3855.2,114.5,399.1,359.5,42.23655,0.5896654,7.356999999999999,4000.000 ps (0.250 GHz),509.8
2,_178_,sky130_fd_sc_hd__maj3_2,sky130_fd_sc_hd__maj3_1,44.449999999999996,22.9662,445.2426493220266,4000.0,-0.0999999999999659,-3855.2,114.5,399.1,359.5,42.23655,0.5896654,7.356999999999999,4000.000 ps (0.250 GHz),509.8
2,_178_,sky130_fd_sc_hd__maj3_2,sky130_fd_sc_hd__maj3_1,44.449999999999996,59.788599999999995,591.3664781858436,4000.0,-0.0999999999999659,-3855.2,114.5,399.1,359.5,42.23655,0.5896654,7.356999999999999,4000.000 ps (0.250 GHz),509.8
2,_178_,sky130_fd_sc_hd__maj3_2,sky130_fd_sc_hd__maj3_1,44.449999999999996,155.65,1169.615970320421,4000.0,-0.0999999999999659,-3855.2,114.5,399.1,359.5,42.23655,0.5896654,7.356999999999999,4000.000 ps (0.250 GHz),509.8
2,_178_,sky130_fd_sc_hd__maj3_2,sky130_fd_sc_hd__maj3_2,44.449999999999996,0.5,266.9349113531878,4000.0,-0.0999999999999659,-3855.2,114.5,399.1,359.5,42.23655,0.5896654,7.356999999999999,4000.000 ps (0.250 GHz),509.8
2,_178_,sky130_fd_sc_hd__maj3_2,sky130_fd_sc_hd__maj3_2,44.449999999999996,1.45601,275.0804759296995,4000.0,-0.0999999999999659,-3855.2,114.5,399.1,359.5,42.23655,0.5896654,7.356999999999999,4000.000 ps (0.250 GHz),509.8
2,_178_,sky130_fd_sc_hd__maj3_2,sky130_fd_sc_hd__maj3_2,44.449999999999996,4.23991,293.4764568799593,4000.0,-0.0999999999999659,-3855.2,114.5,399.1,359.5,42.23655,0.5896654,7.356999999999999,4000.000 ps (0.250 GHz),509.8
2,_178_,sky130_fd_sc_hd__maj3_2,sky130_fd_sc_hd__maj3_2,44.449999999999996,12.3467,330.24061601872194,4000.0,-0.0999999999999659,-3855.2,114.5,399.1,359.5,42.23655,0.5896654,7.356999999999999,4000.000 ps (0.250 GHz),509.8
2,_178_,sky130_fd_sc_hd__maj3_2,sky130_fd_sc_hd__maj3_2,44.449999999999996,35.9537,400.3755744105338,4000.0,-0.0999999999999659,-3855.2,114.5,399.1,359.5,42.23655,0.5896654,7.356999999999999,4000.000 ps (0.250 GHz),509.8
2,_178_,sky130_fd_sc_hd__maj3_2,sky130_fd_sc_hd__maj3_2,44.449999999999996,104.698,540.845189366837,4000.0,-0.0999999999999659,-3855.2,114.5,399.1,359.5,42.23655,0.5896654,7.356999999999999,4000.000 ps (0.250 GHz),509.8
2,_178_,sky130_fd_sc_hd__maj3_2,sky130_fd_sc_hd__maj3_2,44.449999999999996,304.88,1203.1175017109729,4000.0,-0.0999999999999659,-3855.2,114.5,399.1,359.5,42.23655,0.5896654,7.356999999999999,4000.000 ps (0.250 GHz),509.8
2,_178_,sky130_fd_sc_hd__maj3_2,sky130_fd_sc_hd__maj3_4,44.449999999999996,0.5,297.0986336287452,4000.0,-0.0999999999999659,-3855.2,114.5,399.1,359.5,42.23655,0.5896654,7.356999999999999,4000.000 ps (0.250 GHz),509.8
2,_178_,sky130_fd_sc_hd__maj3_2,sky130_fd_sc_hd__maj3_4,44.449999999999996,1.59891,302.6818078890244,4000.0,-0.0999999999999659,-3855.2,114.5,399.1,359.5,42.23655,0.5896654,7.356999999999999,4000.000 ps (0.250 GHz),509.8
2,_178_,sky130_fd_sc_hd__maj3_2,sky130_fd_sc_hd__maj3_4,44.449999999999996,5.113020000000001,317.44718495560517,4000.0,-0.0999999999999659,-3855.2,114.5,399.1,359.5,42.23655,0.5896654,7.356999999999999,4000.000 ps (0.250 GHz),509.8
2,_178_,sky130_fd_sc_hd__maj3_2,sky130_fd_sc_hd__maj3_4,44.449999999999996,16.3505,350.2996926435146,4000.0,-0.0999999999999659,-3855.2,114.5,399.1,359.5,42.23655,0.5896654,7.356999999999999,4000.000 ps (0.250 GHz),509.8
2,_178_,sky130_fd_sc_hd__maj3_2,sky130_fd_sc_hd__maj3_4,44.449999999999996,52.285900000000005,416.4765056325481,4000.0,-0.0999999999999659,-3855.2,114.5,399.1,359.5,42.23655,0.5896654,7.356999999999999,4000.000 ps (0.250 GHz),509.8
2,_178_,sky130_fd_sc_hd__maj3_2,sky130_fd_sc_hd__maj3_4,44.449999999999996,167.201,552.6611168354814,4000.0,-0.0999999999999659,-3855.2,114.5,399.1,359.5,42.23655,0.5896654,7.356999999999999,4000.000 ps (0.250 GHz),509.8
2,_178_,sky130_fd_sc_hd__maj3_2,sky130_fd_sc_hd__maj3_4,44.449999999999996,534.678,1206.5599872981786,4000.0,-0.0999999999999659,-3855.2,114.5,399.1,359.5,42.23655,0.5896654,7.356999999999999,4000.000 ps (0.250 GHz),509.8
3,_185_,sky130_fd_sc_hd__maj3_4,sky130_fd_sc_hd__maj3_1,66.5,0.5,326.51726695855706,4000.0,-0.0999999999999659,-3855.2,114.5,399.1,359.5,50.58755,1.6795368,13.8,4000.000 ps (0.250 GHz),509.8
3,_185_,sky130_fd_sc_hd__maj3_4,sky130_fd_sc_hd__maj3_1,66.5,1.30167,336.74149798258173,4000.0,-0.0999999999999659,-3855.2,114.5,399.1,359.5,50.58755,1.6795368,13.8,4000.000 ps (0.250 GHz),509.8
3,_185_,sky130_fd_sc_hd__maj3_4,sky130_fd_sc_hd__maj3_1,66.5,3.38867,357.24978336008513,4000.0,-0.0999999999999659,-3855.2,114.5,399.1,359.5,50.58755,1.6795368,13.8,4000.000 ps (0.250 GHz),509.8
3,_185_,sky130_fd_sc_hd__maj3_4,sky130_fd_sc_hd__maj3_1,66.5,8.82184,395.19679597944076,4000.0,-0.0999999999999659,-3855.2,114.5,399.1,359.5,50.58755,1.6795368,13.8,4000.000 ps (0.250 GHz),509.8
3,_185_,sky130_fd_sc_hd__maj3_4,sky130_fd_sc_hd__maj3_1,66.5,22.9662,465.1758127353042,4000.0,-0.0999999999999659,-3855.2,114.5,399.1,359.5,50.58755,1.6795368,13.8,4000.000 ps (0.250 GHz),509.8
3,_185_,sky130_fd_sc_hd__maj3_4,sky130_fd_sc_hd__maj3_1,66.5,59.788599999999995,603.9587686700961,4000.0,-0.0999999999999659,-3855.2,114.5,399.1,359.5,50.58755,1.6795368,13.8,4000.000 ps (0.250 GHz),509.8
3,_185_,sky130_fd_sc_hd__maj3_4,sky130_fd_sc_hd__maj3_1,66.5,155.65,1187.5684085187572,4000.0,-0.0999999999999659,-3855.2,114.5,399.1,359.5,50.58755,1.6795368,13.8,4000.000 ps (0.250 GHz),509.8
3,_185_,sky130_fd_sc_hd__maj3_4,sky130_fd_sc_hd__maj3_2,66.5,0.5,287.1381439639694,4000.0,-0.0999999999999659,-3855.2,114.5,399.1,359.5,50.58755,1.6795368,13.8,4000.000 ps (0.250 GHz),509.8
3,_185_,sky130_fd_sc_hd__maj3_4,sky130_fd_sc_hd__maj3_2,66.5,1.45601,295.0866053924729,4000.0,-0.0999999999999659,-3855.2,114.5,399.1,359.5,50.58755,1.6795368,13.8,4000.000 ps (0.250 GHz),509.8
3,_185_,sky130_fd_sc_hd__maj3_4,sky130_fd_sc_hd__maj3_2,66.5,4.23991,312.6735172404245,4000.0,-0.0999999999999659,-3855.2,114.5,399.1,359.5,50.58755,1.6795368,13.8,4000.000 ps (0.250 GHz),509.8
3,_185_,sky130_fd_sc_hd__maj3_4,sky130_fd_sc_hd__maj3_2,66.5,12.3467,346.78548050333785,4000.0,-0.0999999999999659,-3855.2,114.5,399.1,359.5,50.58755,1.6795368,13.8,4000.000 ps (0.250 GHz),509.8
3,_185_,sky130_fd_sc_hd__maj3_4,sky130_fd_sc_hd__maj3_2,66.5,35.9537,410.81755339647054,4000.0,-0.0999999999999659,-3855.2,114.5,399.1,359.5,50.58755,1.6795368,13.8,4000.000 ps (0.250 GHz),509.8
3,_185_,sky130_fd_sc_hd__maj3_4,sky130_fd_sc_hd__maj3_2,66.5,104.698,546.2235503324868,4000.0,-0.0999999999999659,-3855.2,114.5,399.1,359.5,50.58755,1.6795368,13.8,4000.000 ps (0.250 GHz),509.8
3,_185_,sky130_fd_sc_hd__maj3_4,sky130_fd_sc_hd__maj3_2,66.5,304.88,1225.7921046690922,4000.0,-0.0999999999999659,-3855.2,114.5,399.1,359.5,50.58755,1.6795368,13.8,4000.000 ps (0.250 GHz),509.8
3,_185_,sky130_fd_sc_hd__maj3_4,sky130_fd_sc_hd__maj3_4,66.5,0.5,315.318508644224,4000.0,-0.0999999999999659,-3855.2,114.5,399.1,359.5,50.58755,1.6795368,13.8,4000.000 ps (0.250 GHz),509.8
3,_185_,sky130_fd_sc_hd__maj3_4,sky130_fd_sc_hd__maj3_4,66.5,1.59891,320.94855087978124,4000.0,-0.0999999999999659,-3855.2,114.5,399.1,359.5,50.58755,1.6795368,13.8,4000.000 ps (0.250 GHz),509.8
3,_185_,sky130_fd_sc_hd__maj3_4,sky130_fd_sc_hd__maj3_4,66.5,5.113020000000001,335.467676038886,4000.0,-0.0999999999999659,-3855.2,114.5,399.1,359.5,50.58755,1.6795368,13.8,4000.000 ps (0.250 GHz),509.8
3,_185_,sky130_fd_sc_hd__maj3_4,sky130_fd_sc_hd__maj3_4,66.5,16.3505,366.89796736567484,4000.0,-0.0999999999999659,-3855.2,114.5,399.1,359.5,50.58755,1.6795368,13.8,4000.000 ps (0.250 GHz),509.8
3,_185_,sky130_fd_sc_hd__maj3_4,sky130_fd_sc_hd__maj3_4,66.5,52.285900000000005,428.9935133786456,4000.0,-0.0999999999999659,-3855.2,114.5,399.1,359.5,50.58755,1.6795368,13.8,4000.000 ps (0.250 GHz),509.8
3,_185_,sky130_fd_sc_hd__maj3_4,sky130_fd_sc_hd__maj3_4,66.5,167.201,555.7230700558544,4000.0,-0.0999999999999659,-3855.2,114.5,399.1,359.5,50.58755,1.6795368,13.8,4000.000 ps (0.250 GHz),509.8
3,_185_,sky130_fd_sc_hd__maj3_4,sky130_fd_sc_hd__maj3_4,66.5,534.678,1225.4073097868363,4000.0,-0.0999999999999659,-3855.2,114.5,399.1,359.5,50.58755,1.6795368,13.8,4000.000 ps (0.250 GHz),509.8
4,_187_,sky130_fd_sc_hd__a21oi_4,sky130_fd_sc_hd__a21oi_1,78.14,0.5,114.92120360608644,4000.0,-0.0999999999999659,-3855.2,114.5,399.1,359.5,46.86625,0.8224091000000001,10.971,4000.000 ps (0.250 GHz),509.8
4,_187_,sky130_fd_sc_hd__a21oi_4,sky130_fd_sc_hd__a21oi_1,78.14,1.15039,124.51308584648932,4000.0,-0.0999999999999659,-3855.2,114.5,399.1,359.5,46.86625,0.8224091000000001,10.971,4000.000 ps (0.250 GHz),509.8
4,_187_,sky130_fd_sc_hd__a21oi_4,sky130_fd_sc_hd__a21oi_1,78.14,2.64678,146.1681396267149,4000.0,-0.0999999999999659,-3855.2,114.5,399.1,359.5,46.86625,0.8224091000000001,10.971,4000.000 ps (0.250 GHz),509.8
4,_187_,sky130_fd_sc_hd__a21oi_4,sky130_fd_sc_hd__a21oi_1,78.14,6.089650000000001,195.52151894806977,4000.0,-0.0999999999999659,-3855.2,114.5,399.1,359.5,46.86625,0.8224091000000001,10.971,4000.000 ps (0.250 GHz),509.8
4,_187_,sky130_fd_sc_hd__a21oi_4,sky130_fd_sc_hd__a21oi_1,78.14,14.0109,307.590694534843,4000.0,-0.0999999999999659,-3855.2,114.5,399.1,359.5,46.86625,0.8224091000000001,10.971,4000.000 ps (0.250 GHz),509.8
4,_187_,sky130_fd_sc_hd__a21oi_4,sky130_fd_sc_hd__a21oi_1,78.14,32.236000000000004,563.6831758364087,4000.0,-0.0999999999999659,-3855.2,114.5,399.1,359.5,46.86625,0.8224091000000001,10.971,4000.000 ps (0.250 GHz),509.8
4,_187_,sky130_fd_sc_hd__a21oi_4,sky130_fd_sc_hd__a21oi_1,78.14,74.1677,1151.2341493997067,4000.0,-0.0999999999999659,-3855.2,114.5,399.1,359.5,46.86625,0.8224091000000001,10.971,4000.000 ps (0.250 GHz),509.8
4,_187_,sky130_fd_sc_hd__a21oi_4,sky130_fd_sc_hd__a21oi_2,78.14,0.5,116.19180076058788,4000.0,-0.0999999999999659,-3855.2,114.5,399.1,359.5,46.86625,0.8224091000000001,10.971,4000.000 ps (0.250 GHz),509.8
4,_187_,sky130_fd_sc_hd__a21oi_4,sky130_fd_sc_hd__a21oi_2,78.14,1.2602200000000001,122.34456529590676,4000.0,-0.0999999999999659,-3855.2,114.5,399.1,359.5,46.86625,0.8224091000000001,10.971,4000.000 ps (0.250 GHz),509.8
4,_187_,sky130_fd_sc_hd__a21oi_4,sky130_fd_sc_hd__a21oi_2,78.14,3.17632,137.54145427646807,4000.0,-0.0999999999999659,-3855.2,114.5,399.1,359.5,46.86625,0.8224091000000001,10.971,4000.000 ps (0.250 GHz),509.8
4,_187_,sky130_fd_sc_hd__a21oi_4,sky130_fd_sc_hd__a21oi_2,78.14,8.005740000000001,175.7260313692745,4000.0,-0.0999999999999659,-3855.2,114.5,399.1,359.5,46.86625,0.8224091000000001,10.971,4000.000 ps (0.250 GHz),509.8
4,_187_,sky130_fd_sc_hd__a21oi_4,sky130_fd_sc_hd__a21oi_2,78.14,20.178,269.95324322501375,4000.0,-0.0999999999999659,-3855.2,114.5,399.1,359.5,46.86625,0.8224091000000001,10.971,4000.000 ps (0.250 GHz),509.8
4,_187_,sky130_fd_sc_hd__a21oi_4,sky130_fd_sc_hd__a21oi_2,78.14,50.857600000000005,505.08341941575776,4000.0,-0.0999999999999659,-3855.2,114.5,399.1,359.5,46.86625,0.8224091000000001,10.971,4000.000 ps (0.250 GHz),509.8
4,_187_,sky130_fd_sc_hd__a21oi_4,sky130_fd_sc_hd__a21oi_2,78.14,128.184,1095.2977373371637,4000.0,-0.0999999999999659,-3855.2,114.5,399.1,359.5,46.86625,0.8224091000000001,10.971,4000.000 ps (0.250 GHz),509.8
4,_187_,sky130_fd_sc_hd__a21oi_4,sky130_fd_sc_hd__a21oi_4,78.14,0.5,127.0507948359631,4000.0,-0.0999999999999659,-3855.2,114.5,399.1,359.5,46.86625,0.8224091000000001,10.971,4000.000 ps (0.250 GHz),509.8
4,_187_,sky130_fd_sc_hd__a21oi_4,sky130_fd_sc_hd__a21oi_4,78.14,1.38057,131.3082944258167,4000.0,-0.0999999999999659,-3855.2,114.5,399.1,359.5,46.86625,0.8224091000000001,10.971,4000.000 ps (0.250 GHz),509.8
4,_187_,sky130_fd_sc_hd__a21oi_4,sky130_fd_sc_hd__a21oi_4,78.14,3.81196,143.20867833406163,4000.0,-0.0999999999999659,-3855.2,114.5,399.1,359.5,46.86625,0.8224091000000001,10.971,4000.000 ps (0.250 GHz),509.8
4,_187_,sky130_fd_sc_hd__a21oi_4,sky130_fd_sc_hd__a21oi_4,78.14,10.525400000000001,175.0492619026811,4000.0,-0.0999999999999659,-3855.2,114.5,399.1,359.5,46.86625,0.8224091000000001,10.971,4000.000 ps (0.250 GHz),509.8
4,_187_,sky130_fd_sc_hd__a21oi_4,sky130_fd_sc_hd__a21oi_4,78.14,29.0621,261.31374893504716,4000.0,-0.0999999999999659,-3855.2,114.5,399.1,359.5,46.86625,0.8224091000000001,10.971,4000.000 ps (0.250 GHz),509.8
4,_187_,sky130_fd_sc_hd__a21oi_4,sky130_fd_sc_hd__a21oi_4,78.14,80.2448,495.9328387406603,4000.0,-0.0999999999999659,-3855.2,114.5,399.1,359.5,46.86625,0.8224091000000001,10.971,4000.000 ps (0.250 GHz),509.8
4,_187_,sky130_fd_sc_hd__a21oi_4,sky130_fd_sc_hd__a21oi_4,78.14,221.56799999999998,1139.3981111215426,4000.0,-0.0999999999999659,-3855.2,114.5,399.1,359.5,46.86625,0.8224091000000001,10.971,4000.000 ps (0.250 GHz),509.8
5,_207_,sky130_fd_sc_hd__a21oi_4,sky130_fd_sc_hd__a21oi_1,139.7,0.5,120.91293792300907,4000.0,-0.0999999999999659,-3855.2,114.5,399.1,359.5,84.71265000000001,2.0106227,19.357,4000.000 ps (0.250 GHz),509.8
5,_207_,sky130_fd_sc_hd__a21oi_4,sky130_fd_sc_hd__a21oi_1,139.7,1.15039,130.76385444922013,4000.0,-0.0999999999999659,-3855.2,114.5,399.1,359.5,84.71265000000001,2.0106227,19.357,4000.000 ps (0.250 GHz),509.8
5,_207_,sky130_fd_sc_hd__a21oi_4,sky130_fd_sc_hd__a21oi_1,139.7,2.64678,152.83385422962144,4000.0,-0.0999999999999659,-3855.2,114.5,399.1,359.5,84.71265000000001,2.0106227,19.357,4000.000 ps (0.250 GHz),509.8
5,_207_,sky130_fd_sc_hd__a21oi_4,sky130_fd_sc_hd__a21oi_1,139.7,6.089650000000001,202.0081743069502,4000.0,-0.0999999999999659,-3855.2,114.5,399.1,359.5,84.71265000000001,2.0106227,19.357,4000.000 ps (0.250 GHz),509.8
5,_207_,sky130_fd_sc_hd__a21oi_4,sky130_fd_sc_hd__a21oi_1,139.7,14.0109,312.58983104788,4000.0,-0.0999999999999659,-3855.2,114.5,399.1,359.5,84.71265000000001,2.0106227,19.357,4000.000 ps (0.250 GHz),509.8
5,_207_,sky130_fd_sc_hd__a21oi_4,sky130_fd_sc_hd__a21oi_1,139.7,32.236000000000004,565.6391826742243,4000.0,-0.0999999999999659,-3855.2,114.5,399.1,359.5,84.71265000000001,2.0106227,19.357,4000.000 ps (0.250 GHz),509.8
5,_207_,sky130_fd_sc_hd__a21oi_4,sky130_fd_sc_hd__a21oi_1,139.7,74.1677,1143.1199941402806,4000.0,-0.0999999999999659,-3855.2,114.5,399.1,359.5,84.71265000000001,2.0106227,19.357,4000.000 ps (0.250 GHz),509.8
5,_207_,sky130_fd_sc_hd__a21oi_4,sky130_fd_sc_hd__a21oi_2,139.7,0.5,121.75911354942848,4000.0,-0.0999999999999659,-3855.2,114.5,399.1,359.5,84.71265000000001,2.0106227,19.357,4000.000 ps (0.250 GHz),509.8
5,_207_,sky130_fd_sc_hd__a21oi_4,sky130_fd_sc_hd__a21oi_2,139.7,1.2602200000000001,128.6651421591997,4000.0,-0.0999999999999659,-3855.2,114.5,399.1,359.5,84.71265000000001,2.0106227,19.357,4000.000 ps (0.250 GHz),509.8
5,_207_,sky130_fd_sc_hd__a21oi_4,sky130_fd_sc_hd__a21oi_2,139.7,3.17632,145.6156504007207,4000.0,-0.0999999999999659,-3855.2,114.5,399.1,359.5,84.71265000000001,2.0106227,19.357,4000.000 ps (0.250 GHz),509.8
5,_207_,sky130_fd_sc_hd__a21oi_4,sky130_fd_sc_hd__a21oi_2,139.7,8.005740000000001,186.9972448938606,4000.0,-0.0999999999999659,-3855.2,114.5,399.1,359.5,84.71265000000001,2.0106227,19.357,4000.000 ps (0.250 GHz),509.8
5,_207_,sky130_fd_sc_hd__a21oi_4,sky130_fd_sc_hd__a21oi_2,139.7,20.178,288.5089649937123,4000.0,-0.0999999999999659,-3855.2,114.5,399.1,359.5,84.71265000000001,2.0106227,19.357,4000.000 ps (0.250 GHz),509.8
5,_207_,sky130_fd_sc_hd__a21oi_4,sky130_fd_sc_hd__a21oi_2,139.7,50.857600000000005,544.747493701083,4000.0,-0.0999999999999659,-3855.2,114.5,399.1,359.5,84.71265000000001,2.0106227,19.357,4000.000 ps (0.250 GHz),509.8
5,_207_,sky130_fd_sc_hd__a21oi_4,sky130_fd_sc_hd__a21oi_2,139.7,128.184,1180.9674636686123,4000.0,-0.0999999999999659,-3855.2,114.5,399.1,359.5,84.71265000000001,2.0106227,19.357,4000.000 ps (0.250 GHz),509.8
5,_207_,sky130_fd_sc_hd__a21oi_4,sky130_fd_sc_hd__a21oi_4,139.7,0.5,126.06769037144092,4000.0,-0.0999999999999659,-3855.2,114.5,399.1,359.5,84.71265000000001,2.0106227,19.357,4000.000 ps (0.250 GHz),509.8
5,_207_,sky130_fd_sc_hd__a21oi_4,sky130_fd_sc_hd__a21oi_4,139.7,1.38057,130.7235114303947,4000.0,-0.0999999999999659,-3855.2,114.5,399.1,359.5,84.71265000000001,2.0106227,19.357,4000.000 ps (0.250 GHz),509.8
5,_207_,sky130_fd_sc_hd__a21oi_4,sky130_fd_sc_hd__a21oi_4,139.7,3.81196,143.2894545787271,4000.0,-0.0999999999999659,-3855.2,114.5,399.1,359.5,84.71265000000001,2.0106227,19.357,4000.000 ps (0.250 GHz),509.8
5,_207_,sky130_fd_sc_hd__a21oi_4,sky130_fd_sc_hd__a21oi_4,139.7,10.525400000000001,176.26302274066705,4000.0,-0.0999999999999659,-3855.2,114.5,399.1,359.5,84.71265000000001,2.0106227,19.357,4000.000 ps (0.250 GHz),509.8
5,_207_,sky130_fd_sc_hd__a21oi_4,sky130_fd_sc_hd__a21oi_4,139.7,29.0621,265.86296628127405,4000.0,-0.0999999999999659,-3855.2,114.5,399.1,359.5,84.71265000000001,2.0106227,19.357,4000.000 ps (0.250 GHz),509.8
5,_207_,sky130_fd_sc_hd__a21oi_4,sky130_fd_sc_hd__a21oi_4,139.7,80.2448,511.3615799189174,4000.0,-0.0999999999999659,-3855.2,114.5,399.1,359.5,84.71265000000001,2.0106227,19.357,4000.000 ps (0.250 GHz),509.8
5,_207_,sky130_fd_sc_hd__a21oi_4,sky130_fd_sc_hd__a21oi_4,139.7,221.56799999999998,1175.8175361699732,4000.0,-0.0999999999999659,-3855.2,114.5,399.1,359.5,84.71265000000001,2.0106227,19.357,4000.000 ps (0.250 GHz),509.8
6,_254_,sky130_fd_sc_hd__a2111oi_4,sky130_fd_sc_hd__a2111oi_0,102.5,0.5,246.1565386666782,4000.0,-0.0999999999999659,-3855.2,114.5,399.1,359.5,55.2153,0.9760261099999998,13.193,4000.000 ps (0.250 GHz),509.8
6,_254_,sky130_fd_sc_hd__a2111oi_4,sky130_fd_sc_hd__a2111oi_0,102.5,0.932701,266.158981536924,4000.0,-0.0999999999999659,-3855.2,114.5,399.1,359.5,55.2153,0.9760261099999998,13.193,4000.000 ps (0.250 GHz),509.8
6,_254_,sky130_fd_sc_hd__a2111oi_4,sky130_fd_sc_hd__a2111oi_0,102.5,1.73986,303.3157672094905,4000.0,-0.0999999999999659,-3855.2,114.5,399.1,359.5,55.2153,0.9760261099999998,13.193,4000.000 ps (0.250 GHz),509.8
6,_254_,sky130_fd_sc_hd__a2111oi_4,sky130_fd_sc_hd__a2111oi_0,102.5,3.24554,372.55800059834644,4000.0,-0.0999999999999659,-3855.2,114.5,399.1,359.5,55.2153,0.9760261099999998,13.193,4000.000 ps (0.250 GHz),509.8
6,_254_,sky130_fd_sc_hd__a2111oi_4,sky130_fd_sc_hd__a2111oi_0,102.5,6.05425,500.4652636535908,4000.0,-0.0999999999999659,-3855.2,114.5,399.1,359.5,55.2153,0.9760261099999998,13.193,4000.000 ps (0.250 GHz),509.8
6,_254_,sky130_fd_sc_hd__a2111oi_4,sky130_fd_sc_hd__a2111oi_0,102.5,11.293600000000001,737.6677432873146,4000.0,-0.0999999999999659,-3855.2,114.5,399.1,359.5,55.2153,0.9760261099999998,13.193,4000.000 ps (0.250 GHz),509.8
6,_254_,sky130_fd_sc_hd__a2111oi_4,sky130_fd_sc_hd__a2111oi_0,102.5,21.0671,1177.5878741227064,4000.0,-0.0999999999999659,-3855.2,114.5,399.1,359.5,55.2153,0.9760261099999998,13.193,4000.000 ps (0.250 GHz),509.8
6,_254_,sky130_fd_sc_hd__a2111oi_4,sky130_fd_sc_hd__a2111oi_1,102.5,0.5,256.57315692987277,4000.0,-0.0999999999999659,-3855.2,114.5,399.1,359.5,55.2153,0.9760261099999998,13.193,4000.000 ps (0.250 GHz),509.8
6,_254_,sky130_fd_sc_hd__a2111oi_4,sky130_fd_sc_hd__a2111oi_1,102.5,0.995459,272.3529136144365,4000.0,-0.0999999999999659,-3855.2,114.5,399.1,359.5,55.2153,0.9760261099999998,13.193,4000.000 ps (0.250 GHz),509.8
6,_254_,sky130_fd_sc_hd__a2111oi_4,sky130_fd_sc_hd__a2111oi_1,102.5,1.98188,303.4926279098543,4000.0,-0.0999999999999659,-3855.2,114.5,399.1,359.5,55.2153,0.9760261099999998,13.193,4000.000 ps (0.250 GHz),509.8
6,_254_,sky130_fd_sc_hd__a2111oi_4,sky130_fd_sc_hd__a2111oi_1,102.5,3.9457499999999994,365.666682427305,4000.0,-0.0999999999999659,-3855.2,114.5,399.1,359.5,55.2153,0.9760261099999998,13.193,4000.000 ps (0.250 GHz),509.8
6,_254_,sky130_fd_sc_hd__a2111oi_4,sky130_fd_sc_hd__a2111oi_1,102.5,7.85567,488.1519086031228,4000.0,-0.0999999999999659,-3855.2,114.5,399.1,359.5,55.2153,0.9760261099999998,13.193,4000.000 ps (0.250 GHz),509.8
6,_254_,sky130_fd_sc_hd__a2111oi_4,sky130_fd_sc_hd__a2111oi_1,102.5,15.64,730.9373214431268,4000.0,-0.0999999999999659,-3855.2,114.5,399.1,359.5,55.2153,0.9760261099999998,13.193,4000.000 ps (0.250 GHz),509.8
6,_254_,sky130_fd_sc_hd__a2111oi_4,sky130_fd_sc_hd__a2111oi_1,102.5,31.1379,1211.5064183458296,4000.0,-0.0999999999999659,-3855.2,114.5,399.1,359.5,55.2153,0.9760261099999998,13.193,4000.000 ps (0.250 GHz),509.8
6,_254_,sky130_fd_sc_hd__a2111oi_4,sky130_fd_sc_hd__a2111oi_2,102.5,0.5,244.01410243362162,4000.0,-0.0999999999999659,-3855.2,114.5,399.1,359.5,55.2153,0.9760261099999998,13.193,4000.000 ps (0.250 GHz),509.8
6,_254_,sky130_fd_sc_hd__a2111oi_4,sky130_fd_sc_hd__a2111oi_2,102.5,1.10027,254.91730733028467,4000.0,-0.0999999999999659,-3855.2,114.5,399.1,359.5,55.2153,0.9760261099999998,13.193,4000.000 ps (0.250 GHz),509.8
6,_254_,sky130_fd_sc_hd__a2111oi_4,sky130_fd_sc_hd__a2111oi_2,102.5,2.42118,277.66193487888137,4000.0,-0.0999999999999659,-3855.2,114.5,399.1,359.5,55.2153,0.9760261099999998,13.193,4000.000 ps (0.250 GHz),509.8
6,_254_,sky130_fd_sc_hd__a2111oi_4,sky130_fd_sc_hd__a2111oi_2,102.5,5.32788,328.3020569017509,4000.0,-0.0999999999999659,-3855.2,114.5,399.1,359.5,55.2153,0.9760261099999998,13.193,4000.000 ps (0.250 GHz),509.8
6,_254_,sky130_fd_sc_hd__a2111oi_4,sky130_fd_sc_hd__a2111oi_2,102.5,11.7242,438.5096220081597,4000.0,-0.0999999999999659,-3855.2,114.5,399.1,359.5,55.2153,0.9760261099999998,13.193,4000.000 ps (0.250 GHz),509.8
6,_254_,sky130_fd_sc_hd__a2111oi_4,sky130_fd_sc_hd__a2111oi_2,102.5,25.7995,678.874873828076,4000.0,-0.0999999999999659,-3855.2,114.5,399.1,359.5,55.2153,0.9760261099999998,13.193,4000.000 ps (0.250 GHz),509.8
6,_254_,sky130_fd_sc_hd__a2111oi_4,sky130_fd_sc_hd__a2111oi_2,102.5,56.7727,1204.443918944176,4000.0,-0.0999999999999659,-3855.2,114.5,399.1,359.5,55.2153,0.9760261099999998,13.193,4000.000 ps (0.250 GHz),509.8
6,_254_,sky130_fd_sc_hd__a2111oi_4,sky130_fd_sc_hd__a2111oi_4,102.5,0.5,246.78338444645388,4000.0,-0.0999999999999659,-3855.2,114.5,399.1,359.5,55.2153,0.9760261099999998,13.193,4000.000 ps (0.250 GHz),509.8
6,_254_,sky130_fd_sc_hd__a2111oi_4,sky130_fd_sc_hd__a2111oi_4,102.5,1.21958,254.0299455984979,4000.0,-0.0999999999999659,-3855.2,114.5,399.1,359.5,55.2153,0.9760261099999998,13.193,4000.000 ps (0.250 GHz),509.8
6,_254_,sky130_fd_sc_hd__a2111oi_4,sky130_fd_sc_hd__a2111oi_4,102.5,2.97475,271.2166697218533,4000.0,-0.0999999999999659,-3855.2,114.5,399.1,359.5,55.2153,0.9760261099999998,13.193,4000.000 ps (0.250 GHz),509.8
6,_254_,sky130_fd_sc_hd__a2111oi_4,sky130_fd_sc_hd__a2111oi_4,102.5,7.25588,311.7812505137645,4000.0,-0.0999999999999659,-3855.2,114.5,399.1,359.5,55.2153,0.9760261099999998,13.193,4000.000 ps (0.250 GHz),509.8
6,_254_,sky130_fd_sc_hd__a2111oi_4,sky130_fd_sc_hd__a2111oi_4,102.5,17.6982,410.07105360846595,4000.0,-0.0999999999999659,-3855.2,114.5,399.1,359.5,55.2153,0.9760261099999998,13.193,4000.000 ps (0.250 GHz),509.8
6,_254_,sky130_fd_sc_hd__a2111oi_4,sky130_fd_sc_hd__a2111oi_4,102.5,43.1688,646.2522188961525,4000.0,-0.0999999999999659,-3855.2,114.5,399.1,359.5,55.2153,0.9760261099999998,13.193,4000.000 ps (0.250 GHz),509.8
6,_254_,sky130_fd_sc_hd__a2111oi_4,sky130_fd_sc_hd__a2111oi_4,102.5,105.296,1216.5015079407451,4000.0,-0.0999999999999659,-3855.2,114.5,399.1,359.5,55.2153,0.9760261099999998,13.193,4000.000 ps (0.250 GHz),509.8
7,_260_,sky130_fd_sc_hd__a2111oi_4,sky130_fd_sc_hd__a2111oi_0,376.90000000000003,0.5,282.99498592277547,4000.0,-0.0999999999999659,-3855.2,114.5,399.1,359.5,61.8703,2.16042742,10.786,4000.000 ps (0.250 GHz),509.8
7,_260_,sky130_fd_sc_hd__a2111oi_4,sky130_fd_sc_hd__a2111oi_0,376.90000000000003,0.932701,303.0516063886959,4000.0,-0.0999999999999659,-3855.2,114.5,399.1,359.5,61.8703,2.16042742,10.786,4000.000 ps (0.250 GHz),509.8
7,_260_,sky130_fd_sc_hd__a2111oi_4,sky130_fd_sc_hd__a2111oi_0,376.90000000000003,1.73986,340.6119064497655,4000.0,-0.0999999999999659,-3855.2,114.5,399.1,359.5,61.8703,2.16042742,10.786,4000.000 ps (0.250 GHz),509.8
7,_260_,sky130_fd_sc_hd__a2111oi_4,sky130_fd_sc_hd__a2111oi_0,376.90000000000003,3.24554,409.8508479000196,4000.0,-0.0999999999999659,-3855.2,114.5,399.1,359.5,61.8703,2.16042742,10.786,4000.000 ps (0.250 GHz),509.8
7,_260_,sky130_fd_sc_hd__a2111oi_4,sky130_fd_sc_hd__a2111oi_0,376.90000000000003,6.05425,533.7990601161138,4000.0,-0.0999999999999659,-3855.2,114.5,399.1,359.5,61.8703,2.16042742,10.786,4000.000 ps (0.250 GHz),509.8
7,_260_,sky130_fd_sc_hd__a2111oi_4,sky130_fd_sc_hd__a2111oi_0,376.90000000000003,11.293600000000001,769.4322075813176,4000.0,-0.0999999999999659,-3855.2,114.5,399.1,359.5,61.8703,2.16042742,10.786,4000.000 ps (0.250 GHz),509.8
7,_260_,sky130_fd_sc_hd__a2111oi_4,sky130_fd_sc_hd__a2111oi_0,376.90000000000003,21.0671,1208.5133346964976,4000.0,-0.0999999999999659,-3855.2,114.5,399.1,359.5,61.8703,2.16042742,10.786,4000.000 ps (0.250 GHz),509.8
7,_260_,sky130_fd_sc_hd__a2111oi_4,sky130_fd_sc_hd__a2111oi_1,376.90000000000003,0.5,301.461843326584,4000.0,-0.0999999999999659,-3855.2,114.5,399.1,359.5,61.8703,2.16042742,10.786,4000.000 ps (0.250 GHz),509.8
7,_260_,sky130_fd_sc_hd__a2111oi_4,sky130_fd_sc_hd__a2111oi_1,376.90000000000003,0.995459,317.13631719856045,4000.0,-0.0999999999999659,-3855.2,114.5,399.1,359.5,61.8703,2.16042742,10.786,4000.000 ps (0.250 GHz),509.8
7,_260_,sky130_fd_sc_hd__a2111oi_4,sky130_fd_sc_hd__a2111oi_1,376.90000000000003,1.98188,348.7263160610371,4000.0,-0.0999999999999659,-3855.2,114.5,399.1,359.5,61.8703,2.16042742,10.786,4000.000 ps (0.250 GHz),509.8
7,_260_,sky130_fd_sc_hd__a2111oi_4,sky130_fd_sc_hd__a2111oi_1,376.90000000000003,3.9457499999999994,410.1521167333457,4000.0,-0.0999999999999659,-3855.2,114.5,399.1,359.5,61.8703,2.16042742,10.786,4000.000 ps (0.250 GHz),509.8
7,_260_,sky130_fd_sc_hd__a2111oi_4,sky130_fd_sc_hd__a2111oi_1,376.90000000000003,7.85567,530.739040730447,4000.0,-0.0999999999999659,-3855.2,114.5,399.1,359.5,61.8703,2.16042742,10.786,4000.000 ps (0.250 GHz),509.8
7,_260_,sky130_fd_sc_hd__a2111oi_4,sky130_fd_sc_hd__a2111oi_1,376.90000000000003,15.64,772.4009540582795,4000.0,-0.0999999999999659,-3855.2,114.5,399.1,359.5,61.8703,2.16042742,10.786,4000.000 ps (0.250 GHz),509.8
7,_260_,sky130_fd_sc_hd__a2111oi_4,sky130_fd_sc_hd__a2111oi_1,376.90000000000003,31.1379,1252.6439054186392,4000.0,-0.0999999999999659,-3855.2,114.5,399.1,359.5,61.8703,2.16042742,10.786,4000.000 ps (0.250 GHz),509.8
7,_260_,sky130_fd_sc_hd__a2111oi_4,sky130_fd_sc_hd__a2111oi_2,376.90000000000003,0.5,281.3835688430973,4000.0,-0.0999999999999659,-3855.2,114.5,399.1,359.5,61.8703,2.16042742,10.786,4000.000 ps (0.250 GHz),509.8
7,_260_,sky130_fd_sc_hd__a2111oi_4,sky130_fd_sc_hd__a2111oi_2,376.90000000000003,1.10027,291.4441695322339,4000.0,-0.0999999999999659,-3855.2,114.5,399.1,359.5,61.8703,2.16042742,10.786,4000.000 ps (0.250 GHz),509.8
7,_260_,sky130_fd_sc_hd__a2111oi_4,sky130_fd_sc_hd__a2111oi_2,376.90000000000003,2.42118,313.68061659627836,4000.0,-0.0999999999999659,-3855.2,114.5,399.1,359.5,61.8703,2.16042742,10.786,4000.000 ps (0.250 GHz),509.8
7,_260_,sky130_fd_sc_hd__a2111oi_4,sky130_fd_sc_hd__a2111oi_2,376.90000000000003,5.32788,363.338904643462,4000.0,-0.0999999999999659,-3855.2,114.5,399.1,359.5,61.8703,2.16042742,10.786,4000.000 ps (0.250 GHz),509.8
7,_260_,sky130_fd_sc_hd__a2111oi_4,sky130_fd_sc_hd__a2111oi_2,376.90000000000003,11.7242,469.5115547004604,4000.0,-0.0999999999999659,-3855.2,114.5,399.1,359.5,61.8703,2.16042742,10.786,4000.000 ps (0.250 GHz),509.8
7,_260_,sky130_fd_sc_hd__a2111oi_4,sky130_fd_sc_hd__a2111oi_2,376.90000000000003,25.7995,706.6468951950428,4000.0,-0.0999999999999659,-3855.2,114.5,399.1,359.5,61.8703,2.16042742,10.786,4000.000 ps (0.250 GHz),509.8
7,_260_,sky130_fd_sc_hd__a2111oi_4,sky130_fd_sc_hd__a2111oi_2,376.90000000000003,56.7727,1230.3262491561538,4000.0,-0.0999999999999659,-3855.2,114.5,399.1,359.5,61.8703,2.16042742,10.786,4000.000 ps (0.250 GHz),509.8
7,_260_,sky130_fd_sc_hd__a2111oi_4,sky130_fd_sc_hd__a2111oi_4,376.90000000000003,0.5,273.7765141806358,4000.0,-0.0999999999999659,-3855.2,114.5,399.1,359.5,61.8703,2.16042742,10.786,4000.000 ps (0.250 GHz),509.8
7,_260_,sky130_fd_sc_hd__a2111oi_4,sky130_fd_sc_hd__a2111oi_4,376.90000000000003,1.21958,280.16276056775746,4000.0,-0.0999999999999659,-3855.2,114.5,399.1,359.5,61.8703,2.16042742,10.786,4000.000 ps (0.250 GHz),509.8
7,_260_,sky130_fd_sc_hd__a2111oi_4,sky130_fd_sc_hd__a2111oi_4,376.90000000000003,2.97475,296.01881130330696,4000.0,-0.0999999999999659,-3855.2,114.5,399.1,359.5,61.8703,2.16042742,10.786,4000.000 ps (0.250 GHz),509.8
7,_260_,sky130_fd_sc_hd__a2111oi_4,sky130_fd_sc_hd__a2111oi_4,376.90000000000003,7.25588,335.04595114295176,4000.0,-0.0999999999999659,-3855.2,114.5,399.1,359.5,61.8703,2.16042742,10.786,4000.000 ps (0.250 GHz),509.8
7,_260_,sky130_fd_sc_hd__a2111oi_4,sky130_fd_sc_hd__a2111oi_4,376.90000000000003,17.6982,431.39455910507235,4000.0,-0.0999999999999659,-3855.2,114.5,399.1,359.5,61.8703,2.16042742,10.786,4000.000 ps (0.250 GHz),509.8
7,_260_,sky130_fd_sc_hd__a2111oi_4,sky130_fd_sc_hd__a2111oi_4,376.90000000000003,43.1688,664.7942661801907,4000.0,-0.0999999999999659,-3855.2,114.5,399.1,359.5,61.8703,2.16042742,10.786,4000.000 ps (0.250 GHz),509.8
7,_260_,sky130_fd_sc_hd__a2111oi_4,sky130_fd_sc_hd__a2111oi_4,376.90000000000003,105.296,1234.0612444945066,4000.0,-0.0999999999999659,-3855.2,114.5,399.1,359.5,61.8703,2.16042742,10.786,4000.000 ps (0.250 GHz),509.8
8,_271_,sky130_fd_sc_hd__a2111oi_4,sky130_fd_sc_hd__a2111oi_0,137.9,0.5,258.14328282813113,4000.0,-0.0999999999999659,-3855.2,114.5,399.1,359.5,75.32465,3.0397882,4.773,4000.000 ps (0.250 GHz),509.8
8,_271_,sky130_fd_sc_hd__a2111oi_4,sky130_fd_sc_hd__a2111oi_0,137.9,0.932701,277.9717807485125,4000.0,-0.0999999999999659,-3855.2,114.5,399.1,359.5,75.32465,3.0397882,4.773,4000.000 ps (0.250 GHz),509.8
8,_271_,sky130_fd_sc_hd__a2111oi_4,sky130_fd_sc_hd__a2111oi_0,137.9,1.73986,315.02290547307564,4000.0,-0.0999999999999659,-3855.2,114.5,399.1,359.5,75.32465,3.0397882,4.773,4000.000 ps (0.250 GHz),509.8
8,_271_,sky130_fd_sc_hd__a2111oi_4,sky130_fd_sc_hd__a2111oi_0,137.9,3.24554,384.16153929503184,4000.0,-0.0999999999999659,-3855.2,114.5,399.1,359.5,75.32465,3.0397882,4.773,4000.000 ps (0.250 GHz),509.8
8,_271_,sky130_fd_sc_hd__a2111oi_4,sky130_fd_sc_hd__a2111oi_0,137.9,6.05425,511.8949533756264,4000.0,-0.0999999999999659,-3855.2,114.5,399.1,359.5,75.32465,3.0397882,4.773,4000.000 ps (0.250 GHz),509.8
8,_271_,sky130_fd_sc_hd__a2111oi_4,sky130_fd_sc_hd__a2111oi_0,137.9,11.293600000000001,748.9398643518085,4000.0,-0.0999999999999659,-3855.2,114.5,399.1,359.5,75.32465,3.0397882,4.773,4000.000 ps (0.250 GHz),509.8
8,_271_,sky130_fd_sc_hd__a2111oi_4,sky130_fd_sc_hd__a2111oi_0,137.9,21.0671,1189.4486867902926,4000.0,-0.0999999999999659,-3855.2,114.5,399.1,359.5,75.32465,3.0397882,4.773,4000.000 ps (0.250 GHz),509.8
8,_271_,sky130_fd_sc_hd__a2111oi_4,sky130_fd_sc_hd__a2111oi_1,137.9,0.5,269.2374786182173,4000.0,-0.0999999999999659,-3855.2,114.5,399.1,359.5,75.32465,3.0397882,4.773,4000.000 ps (0.250 GHz),509.8
8,_271_,sky130_fd_sc_hd__a2111oi_4,sky130_fd_sc_hd__a2111oi_1,137.9,0.995459,284.94781252463446,4000.0,-0.0999999999999659,-3855.2,114.5,399.1,359.5,75.32465,3.0397882,4.773,4000.000 ps (0.250 GHz),509.8
8,_271_,sky130_fd_sc_hd__a2111oi_4,sky130_fd_sc_hd__a2111oi_1,137.9,1.98188,316.08690690140577,4000.0,-0.0999999999999659,-3855.2,114.5,399.1,359.5,75.32465,3.0397882,4.773,4000.000 ps (0.250 GHz),509.8
8,_271_,sky130_fd_sc_hd__a2111oi_4,sky130_fd_sc_hd__a2111oi_1,137.9,3.9457499999999994,378.1392223915614,4000.0,-0.0999999999999659,-3855.2,114.5,399.1,359.5,75.32465,3.0397882,4.773,4000.000 ps (0.250 GHz),509.8
8,_271_,sky130_fd_sc_hd__a2111oi_4,sky130_fd_sc_hd__a2111oi_1,137.9,7.85567,500.43947003134434,4000.0,-0.0999999999999659,-3855.2,114.5,399.1,359.5,75.32465,3.0397882,4.773,4000.000 ps (0.250 GHz),509.8
8,_271_,sky130_fd_sc_hd__a2111oi_4,sky130_fd_sc_hd__a2111oi_1,137.9,15.64,743.0596159537529,4000.0,-0.0999999999999659,-3855.2,114.5,399.1,359.5,75.32465,3.0397882,4.773,4000.000 ps (0.250 GHz),509.8
8,_271_,sky130_fd_sc_hd__a2111oi_4,sky130_fd_sc_hd__a2111oi_1,137.9,31.1379,1224.036038945926,4000.0,-0.0999999999999659,-3855.2,114.5,399.1,359.5,75.32465,3.0397882,4.773,4000.000 ps (0.250 GHz),509.8
8,_271_,sky130_fd_sc_hd__a2111oi_4,sky130_fd_sc_hd__a2111oi_2,137.9,0.5,255.82793196944385,4000.0,-0.0999999999999659,-3855.2,114.5,399.1,359.5,75.32465,3.0397882,4.773,4000.000 ps (0.250 GHz),509.8
8,_271_,sky130_fd_sc_hd__a2111oi_4,sky130_fd_sc_hd__a2111oi_2,137.9,1.10027,266.7620211640609,4000.0,-0.0999999999999659,-3855.2,114.5,399.1,359.5,75.32465,3.0397882,4.773,4000.000 ps (0.250 GHz),509.8
8,_271_,sky130_fd_sc_hd__a2111oi_4,sky130_fd_sc_hd__a2111oi_2,137.9,2.42118,289.48308927532423,4000.0,-0.0999999999999659,-3855.2,114.5,399.1,359.5,75.32465,3.0397882,4.773,4000.000 ps (0.250 GHz),509.8
8,_271_,sky130_fd_sc_hd__a2111oi_4,sky130_fd_sc_hd__a2111oi_2,137.9,5.32788,339.9232933970232,4000.0,-0.0999999999999659,-3855.2,114.5,399.1,359.5,75.32465,3.0397882,4.773,4000.000 ps (0.250 GHz),509.8
8,_271_,sky130_fd_sc_hd__a2111oi_4,sky130_fd_sc_hd__a2111oi_2,137.9,11.7242,450.0078360536046,4000.0,-0.0999999999999659,-3855.2,114.5,399.1,359.5,75.32465,3.0397882,4.773,4000.000 ps (0.250 GHz),509.8
8,_271_,sky130_fd_sc_hd__a2111oi_4,sky130_fd_sc_hd__a2111oi_2,137.9,25.7995,690.3024417237561,4000.0,-0.0999999999999659,-3855.2,114.5,399.1,359.5,75.32465,3.0397882,4.773,4000.000 ps (0.250 GHz),509.8
8,_271_,sky130_fd_sc_hd__a2111oi_4,sky130_fd_sc_hd__a2111oi_2,137.9,56.7727,1216.1687126334955,4000.0,-0.0999999999999659,-3855.2,114.5,399.1,359.5,75.32465,3.0397882,4.773,4000.000 ps (0.250 GHz),509.8
8,_271_,sky130_fd_sc_hd__a2111oi_4,sky130_fd_sc_hd__a2111oi_4,137.9,0.5,258.9766904296252,4000.0,-0.0999999999999659,-3855.2,114.5,399.1,359.5,75.32465,3.0397882,4.773,4000.000 ps (0.250 GHz),509.8
8,_271_,sky130_fd_sc_hd__a2111oi_4,sky130_fd_sc_hd__a2111oi_4,137.9,1.21958,266.1286696259315,4000.0,-0.0999999999999659,-3855.2,114.5,399.1,359.5,75.32465,3.0397882,4.773,4000.000 ps (0.250 GHz),509.8
8,_271_,sky130_fd_sc_hd__a2111oi_4,sky130_fd_sc_hd__a2111oi_4,137.9,2.97475,283.2738498001089,4000.0,-0.0999999999999659,-3855.2,114.5,399.1,359.5,75.32465,3.0397882,4.773,4000.000 ps (0.250 GHz),509.8
8,_271_,sky130_fd_sc_hd__a2111oi_4,sky130_fd_sc_hd__a2111oi_4,137.9,7.25588,323.6650246138253,4000.0,-0.0999999999999659,-3855.2,114.5,399.1,359.5,75.32465,3.0397882,4.773,4000.000 ps (0.250 GHz),509.8
8,_271_,sky130_fd_sc_hd__a2111oi_4,sky130_fd_sc_hd__a2111oi_4,137.9,17.6982,421.8067379474089,4000.0,-0.0999999999999659,-3855.2,114.5,399.1,359.5,75.32465,3.0397882,4.773,4000.000 ps (0.250 GHz),509.8
8,_271_,sky130_fd_sc_hd__a2111oi_4,sky130_fd_sc_hd__a2111oi_4,137.9,43.1688,657.9265568272677,4000.0,-0.0999999999999659,-3855.2,114.5,399.1,359.5,75.32465,3.0397882,4.773,4000.000 ps (0.250 GHz),509.8
8,_271_,sky130_fd_sc_hd__a2111oi_4,sky130_fd_sc_hd__a2111oi_4,137.9,105.296,1228.458536686124,4000.0,-0.0999999999999659,-3855.2,114.5,399.1,359.5,75.32465,3.0397882,4.773,4000.000 ps (0.250 GHz),509.8
9,rebuffer63,sky130_fd_sc_hd__buf_4,sky130_fd_sc_hd__buf_1,301.7,0.5,161.8997420639358,4000.0,-0.0999999999999659,-3855.2,114.5,399.1,359.5,44.20845,0.7581979300000001,10.391,4000.000 ps (0.250 GHz),509.8
9,rebuffer63,sky130_fd_sc_hd__buf_4,sky130_fd_sc_hd__buf_1,301.7,1.2632100000000002,168.162925495071,4000.0,-0.0999999999999659,-3855.2,114.5,399.1,359.5,44.20845,0.7581979300000001,10.391,4000.000 ps (0.250 GHz),509.8
9,rebuffer63,sky130_fd_sc_hd__buf_4,sky130_fd_sc_hd__buf_1,301.7,3.1913699999999996,180.6381022937747,4000.0,-0.0999999999999659,-3855.2,114.5,399.1,359.5,44.20845,0.7581979300000001,10.391,4000.000 ps (0.250 GHz),509.8
9,rebuffer63,sky130_fd_sc_hd__buf_4,sky130_fd_sc_hd__buf_1,301.7,8.06272,205.31196462902247,4000.0,-0.0999999999999659,-3855.2,114.5,399.1,359.5,44.20845,0.7581979300000001,10.391,4000.000 ps (0.250 GHz),509.8
9,rebuffer63,sky130_fd_sc_hd__buf_4,sky130_fd_sc_hd__buf_1,301.7,20.3697,265.9354784853107,4000.0,-0.0999999999999659,-3855.2,114.5,399.1,359.5,44.20845,0.7581979300000001,10.391,4000.000 ps (0.250 GHz),509.8
9,rebuffer63,sky130_fd_sc_hd__buf_4,sky130_fd_sc_hd__buf_1,301.7,51.4623,511.58258496194674,4000.0,-0.0999999999999659,-3855.2,114.5,399.1,359.5,44.20845,0.7581979300000001,10.391,4000.000 ps (0.250 GHz),509.8
9,rebuffer63,sky130_fd_sc_hd__buf_4,sky130_fd_sc_hd__buf_1,301.7,130.015,1128.8168615847703,4000.0,-0.0999999999999659,-3855.2,114.5,399.1,359.5,44.20845,0.7581979300000001,10.391,4000.000 ps (0.250 GHz),509.8
9,rebuffer63,sky130_fd_sc_hd__buf_4,sky130_fd_sc_hd__buf_2,301.7,0.5,212.61459244826725,4000.0,-0.0999999999999659,-3855.2,114.5,399.1,359.5,44.20845,0.7581979300000001,10.391,4000.000 ps (0.250 GHz),509.8
9,rebuffer63,sky130_fd_sc_hd__buf_4,sky130_fd_sc_hd__buf_2,301.7,1.46462,217.76102554609804,4000.0,-0.0999999999999659,-3855.2,114.5,399.1,359.5,44.20845,0.7581979300000001,10.391,4000.000 ps (0.250 GHz),509.8
9,rebuffer63,sky130_fd_sc_hd__buf_4,sky130_fd_sc_hd__buf_2,301.7,4.29024,229.07209108519348,4000.0,-0.0999999999999659,-3855.2,114.5,399.1,359.5,44.20845,0.7581979300000001,10.391,4000.000 ps (0.250 GHz),509.8
9,rebuffer63,sky130_fd_sc_hd__buf_4,sky130_fd_sc_hd__buf_2,301.7,12.5672,251.38918193343684,4000.0,-0.0999999999999659,-3855.2,114.5,399.1,359.5,44.20845,0.7581979300000001,10.391,4000.000 ps (0.250 GHz),509.8
9,rebuffer63,sky130_fd_sc_hd__buf_4,sky130_fd_sc_hd__buf_2,301.7,36.8123,297.7722472811808,4000.0,-0.0999999999999659,-3855.2,114.5,399.1,359.5,44.20845,0.7581979300000001,10.391,4000.000 ps (0.250 GHz),509.8
9,rebuffer63,sky130_fd_sc_hd__buf_4,sky130_fd_sc_hd__buf_2,301.7,107.832,516.0031387938616,4000.0,-0.0999999999999659,-3855.2,114.5,399.1,359.5,44.20845,0.7581979300000001,10.391,4000.000 ps (0.250 GHz),509.8
9,rebuffer63,sky130_fd_sc_hd__buf_4,sky130_fd_sc_hd__buf_2,301.7,315.867,1195.0378690773332,4000.0,-0.0999999999999659,-3855.2,114.5,399.1,359.5,44.20845,0.7581979300000001,10.391,4000.000 ps (0.250 GHz),509.8
9,rebuffer63,sky130_fd_sc_hd__buf_4,sky130_fd_sc_hd__buf_4,301.7,0.5,230.72648490250575,4000.0,-0.0999999999999659,-3855.2,114.5,399.1,359.5,44.20845,0.7581979300000001,10.391,4000.000 ps (0.250 GHz),509.8
9,rebuffer63,sky130_fd_sc_hd__buf_4,sky130_fd_sc_hd__buf_4,301.7,1.61188,234.31901080253618,4000.0,-0.0999999999999659,-3855.2,114.5,399.1,359.5,44.20845,0.7581979300000001,10.391,4000.000 ps (0.250 GHz),509.8
9,rebuffer63,sky130_fd_sc_hd__buf_4,sky130_fd_sc_hd__buf_4,301.7,5.19629,243.3013522432905,4000.0,-0.0999999999999659,-3855.2,114.5,399.1,359.5,44.20845,0.7581979300000001,10.391,4000.000 ps (0.250 GHz),509.8
9,rebuffer63,sky130_fd_sc_hd__buf_4,sky130_fd_sc_hd__buf_4,301.7,16.7515,262.876162494843,4000.0,-0.0999999999999659,-3855.2,114.5,399.1,359.5,44.20845,0.7581979300000001,10.391,4000.000 ps (0.250 GHz),509.8
9,rebuffer63,sky130_fd_sc_hd__buf_4,sky130_fd_sc_hd__buf_4,301.7,54.00279999999999,304.76509097011115,4000.0,-0.0999999999999659,-3855.2,114.5,399.1,359.5,44.20845,0.7581979300000001,10.391,4000.000 ps (0.250 GHz),509.8
9,rebuffer63,sky130_fd_sc_hd__buf_4,sky130_fd_sc_hd__buf_4,301.7,174.09199999999998,491.61730722847096,4000.0,-0.0999999999999659,-3855.2,114.5,399.1,359.5,44.20845,0.7581979300000001,10.391,4000.000 ps (0.250 GHz),509.8
9,rebuffer63,sky130_fd_sc_hd__buf_4,sky130_fd_sc_hd__buf_4,301.7,561.228,1209.0120891515937,4000.0,-0.0999999999999659,-3855.2,114.5,399.1,359.5,44.20845,0.7581979300000001,10.391,4000.000 ps (0.250 GHz),509.8
9,rebuffer63,sky130_fd_sc_hd__buf_4,sky130_fd_sc_hd__buf_6,301.7,0.5,211.7654258221327,4000.0,-0.0999999999999659,-3855.2,114.5,399.1,359.5,44.20845,0.7581979300000001,10.391,4000.000 ps (0.250 GHz),509.8
9,rebuffer63,sky130_fd_sc_hd__buf_4,sky130_fd_sc_hd__buf_6,301.7,1.70478,214.35282133745167,4000.0,-0.0999999999999659,-3855.2,114.5,399.1,359.5,44.20845,0.7581979300000001,10.391,4000.000 ps (0.250 GHz),509.8
9,rebuffer63,sky130_fd_sc_hd__buf_4,sky130_fd_sc_hd__buf_6,301.7,5.81257,221.54147836669995,4000.0,-0.0999999999999659,-3855.2,114.5,399.1,359.5,44.20845,0.7581979300000001,10.391,4000.000 ps (0.250 GHz),509.8
9,rebuffer63,sky130_fd_sc_hd__buf_4,sky130_fd_sc_hd__buf_6,301.7,19.8183,238.40496632268642,4000.0,-0.0999999999999659,-3855.2,114.5,399.1,359.5,44.20845,0.7581979300000001,10.391,4000.000 ps (0.250 GHz),509.8
9,rebuffer63,sky130_fd_sc_hd__buf_4,sky130_fd_sc_hd__buf_6,301.7,67.5719,275.74744400839234,4000.0,-0.0999999999999659,-3855.2,114.5,399.1,359.5,44.20845,0.7581979300000001,10.391,4000.000 ps (0.250 GHz),509.8
9,rebuffer63,sky130_fd_sc_hd__buf_4,sky130_fd_sc_hd__buf_6,301.7,230.39100000000002,450.0661296459048,4000.0,-0.0999999999999659,-3855.2,114.5,399.1,359.5,44.20845,0.7581979300000001,10.391,4000.000 ps (0.250 GHz),509.8
9,rebuffer63,sky130_fd_sc_hd__buf_4,sky130_fd_sc_hd__buf_6,301.7,785.532,1185.6039161962046,4000.0,-0.0999999999999659,-3855.2,114.5,399.1,359.5,44.20845,0.7581979300000001,10.391,4000.000 ps (0.250 GHz),509.8
9,rebuffer63,sky130_fd_sc_hd__buf_4,sky130_fd_sc_hd__buf_8,301.7,0.5,211.4258058983054,4000.0,-0.0999999999999659,-3855.2,114.5,399.1,359.5,44.20845,0.7581979300000001,10.391,4000.000 ps (0.250 GHz),509.8
9,rebuffer63,sky130_fd_sc_hd__buf_4,sky130_fd_sc_hd__buf_8,301.7,2.32079,214.37714469354304,4000.0,-0.0999999999999659,-3855.2,114.5,399.1,359.5,44.20845,0.7581979300000001,10.391,4000.000 ps (0.250 GHz),509.8
9,rebuffer63,sky130_fd_sc_hd__buf_4,sky130_fd_sc_hd__buf_8,301.7,10.7722,224.91407515343764,4000.0,-0.0999999999999659,-3855.2,114.5,399.1,359.5,44.20845,0.7581979300000001,10.391,4000.000 ps (0.250 GHz),509.8
9,rebuffer63,sky130_fd_sc_hd__buf_4,sky130_fd_sc_hd__buf_8,301.7,50.0,255.13646676247802,4000.0,-0.0999999999999659,-3855.2,114.5,399.1,359.5,44.20845,0.7581979300000001,10.391,4000.000 ps (0.250 GHz),509.8
9,rebuffer63,sky130_fd_sc_hd__buf_4,sky130_fd_sc_hd__buf_8,301.7,232.079,387.09913456444383,4000.0,-0.0999999999999659,-3855.2,114.5,399.1,359.5,44.20845,0.7581979300000001,10.391,4000.000 ps (0.250 GHz),509.8
9,rebuffer63,sky130_fd_sc_hd__buf_4,sky130_fd_sc_hd__buf_8,301.7,1077.22,1290.002030406739,4000.0,-0.0999999999999659,-3855.2,114.5,399.1,359.5,44.20845,0.7581979300000001,10.391,4000.000 ps (0.250 GHz),509.8
9,rebuffer63,sky130_fd_sc_hd__buf_4,sky130_fd_sc_hd__buf_8,301.7,5000.0,5460.315667847739,4000.0,-0.0999999999999659,-3855.2,114.5,399.1,359.5,44.20845,0.7581979300000001,10.391,4000.000 ps (0.250 GHz),509.8
9,rebuffer63,sky130_fd_sc_hd__buf_4,sky130_fd_sc_hd__buf_12,301.7,0.5,219.27068117774158,4000.0,-0.0999999999999659,-3855.2,114.5,399.1,359.5,44.20845,0.7581979300000001,10.391,4000.000 ps (0.250 GHz),509.8
9,rebuffer63,sky130_fd_sc_hd__buf_4,sky130_fd_sc_hd__buf_12,301.7,2.32079,221.3837579849097,4000.0,-0.0999999999999659,-3855.2,114.5,399.1,359.5,44.20845,0.7581979300000001,10.391,4000.000 ps (0.250 GHz),509.8
9,rebuffer63,sky130_fd_sc_hd__buf_4,sky130_fd_sc_hd__buf_12,301.7,10.7722,229.51908875094128,4000.0,-0.0999999999999659,-3855.2,114.5,399.1,359.5,44.20845,0.7581979300000001,10.391,4000.000 ps (0.250 GHz),509.8
9,rebuffer63,sky130_fd_sc_hd__buf_4,sky130_fd_sc_hd__buf_12,301.7,50.0,253.91571486216452,4000.0,-0.0999999999999659,-3855.2,114.5,399.1,359.5,44.20845,0.7581979300000001,10.391,4000.000 ps (0.250 GHz),509.8
9,rebuffer63,sky130_fd_sc_hd__buf_4,sky130_fd_sc_hd__buf_12,301.7,232.079,324.1062860636292,4000.0,-0.0999999999999659,-3855.2,114.5,399.1,359.5,44.20845,0.7581979300000001,10.391,4000.000 ps (0.250 GHz),509.8
9,rebuffer63,sky130_fd_sc_hd__buf_4,sky130_fd_sc_hd__buf_12,301.7,1077.22,962.0631259638147,4000.0,-0.0999999999999659,-3855.2,114.5,399.1,359.5,44.20845,0.7581979300000001,10.391,4000.000 ps (0.250 GHz),509.8
9,rebuffer63,sky130_fd_sc_hd__buf_4,sky130_fd_sc_hd__buf_12,301.7,5000.0,3919.994510927172,4000.0,-0.0999999999999659,-3855.2,114.5,399.1,359.5,44.20845,0.7581979300000001,10.391,4000.000 ps (0.250 GHz),509.8
9,rebuffer63,sky130_fd_sc_hd__buf_4,sky130_fd_sc_hd__buf_16,301.7,0.5,222.67935489327039,4000.0,-0.0999999999999659,-3855.2,114.5,399.1,359.5,44.20845,0.7581979300000001,10.391,4000.000 ps (0.250 GHz),509.8
9,rebuffer63,sky130_fd_sc_hd__buf_4,sky130_fd_sc_hd__buf_16,301.7,2.32079,224.47909176284716,4000.0,-0.0999999999999659,-3855.2,114.5,399.1,359.5,44.20845,0.7581979300000001,10.391,4000.000 ps (0.250 GHz),509.8
9,rebuffer63,sky130_fd_sc_hd__buf_4,sky130_fd_sc_hd__buf_16,301.7,10.7722,231.7723779214675,4000.0,-0.0999999999999659,-3855.2,114.5,399.1,359.5,44.20845,0.7581979300000001,10.391,4000.000 ps (0.250 GHz),509.8
9,rebuffer63,sky130_fd_sc_hd__buf_4,sky130_fd_sc_hd__buf_16,301.7,50.0,254.83995360129342,4000.0,-0.0999999999999659,-3855.2,114.5,399.1,359.5,44.20845,0.7581979300000001,10.391,4000.000 ps (0.250 GHz),509.8
9,rebuffer63,sky130_fd_sc_hd__buf_4,sky130_fd_sc_hd__buf_16,301.7,232.079,325.05018743263264,4000.0,-0.0999999999999659,-3855.2,114.5,399.1,359.5,44.20845,0.7581979300000001,10.391,4000.000 ps (0.250 GHz),509.8
9,rebuffer63,sky130_fd_sc_hd__buf_4,sky130_fd_sc_hd__buf_16,301.7,1077.22,872.3445268438356,4000.0,-0.0999999999999659,-3855.2,114.5,399.1,359.5,44.20845,0.7581979300000001,10.391,4000.000 ps (0.250 GHz),509.8
9,rebuffer63,sky130_fd_sc_hd__buf_4,sky130_fd_sc_hd__buf_16,301.7,5000.0,3500.3741513790933,4000.0,-0.0999999999999659,-3855.2,114.5,399.1,359.5,44.20845,0.7581979300000001,10.391,4000.000 ps (0.250 GHz),509.8
10,_274_,sky130_fd_sc_hd__o31ai_4,sky130_fd_sc_hd__o31ai_1,50.76,0.5,136.49087360707128,4000.0,-0.0999999999999659,-3855.2,114.5,399.1,359.5,293.3394699999999,13.35941567,35.708999999999996,4000.000 ps (0.250 GHz),509.8
10,_274_,sky130_fd_sc_hd__o31ai_4,sky130_fd_sc_hd__o31ai_1,50.76,1.0684900000000002,149.41937845676694,4000.0,-0.0999999999999659,-3855.2,114.5,399.1,359.5,293.3394699999999,13.35941567,35.708999999999996,4000.000 ps (0.250 GHz),509.8
10,_274_,sky130_fd_sc_hd__o31ai_4,sky130_fd_sc_hd__o31ai_1,50.76,2.2833300000000003,176.45026167679998,4000.0,-0.0999999999999659,-3855.2,114.5,399.1,359.5,293.3394699999999,13.35941567,35.708999999999996,4000.000 ps (0.250 GHz),509.8
10,_274_,sky130_fd_sc_hd__o31ai_4,sky130_fd_sc_hd__o31ai_1,50.76,4.87942,233.76373242471487,4000.0,-0.0999999999999659,-3855.2,114.5,399.1,359.5,293.3394699999999,13.35941567,35.708999999999996,4000.000 ps (0.250 GHz),509.8
10,_274_,sky130_fd_sc_hd__o31ai_4,sky130_fd_sc_hd__o31ai_1,50.76,10.4272,353.4087734265665,4000.0,-0.0999999999999659,-3855.2,114.5,399.1,359.5,293.3394699999999,13.35941567,35.708999999999996,4000.000 ps (0.250 GHz),509.8
10,_274_,sky130_fd_sc_hd__o31ai_4,sky130_fd_sc_hd__o31ai_1,50.76,22.2826,606.400132669377,4000.0,-0.0999999999999659,-3855.2,114.5,399.1,359.5,293.3394699999999,13.35941567,35.708999999999996,4000.000 ps (0.250 GHz),509.8
10,_274_,sky130_fd_sc_hd__o31ai_4,sky130_fd_sc_hd__o31ai_1,50.76,47.617399999999996,1142.9621538795238,4000.0,-0.0999999999999659,-3855.2,114.5,399.1,359.5,293.3394699999999,13.35941567,35.708999999999996,4000.000 ps (0.250 GHz),509.8
10,_274_,sky130_fd_sc_hd__o31ai_4,sky130_fd_sc_hd__o31ai_2,50.76,0.5,135.11275441538712,4000.0,-0.0999999999999659,-3855.2,114.5,399.1,359.5,293.3394699999999,13.35941567,35.708999999999996,4000.000 ps (0.250 GHz),509.8
10,_274_,sky130_fd_sc_hd__o31ai_4,sky130_fd_sc_hd__o31ai_2,50.76,1.16639,143.9126149486575,4000.0,-0.0999999999999659,-3855.2,114.5,399.1,359.5,293.3394699999999,13.35941567,35.708999999999996,4000.000 ps (0.250 GHz),509.8
10,_274_,sky130_fd_sc_hd__o31ai_4,sky130_fd_sc_hd__o31ai_2,50.76,2.72092,164.84676774282553,4000.0,-0.0999999999999659,-3855.2,114.5,399.1,359.5,293.3394699999999,13.35941567,35.708999999999996,4000.000 ps (0.250 GHz),509.8
10,_274_,sky130_fd_sc_hd__o31ai_4,sky130_fd_sc_hd__o31ai_2,50.76,6.347300000000001,211.63235980692966,4000.0,-0.0999999999999659,-3855.2,114.5,399.1,359.5,293.3394699999999,13.35941567,35.708999999999996,4000.000 ps (0.250 GHz),509.8
10,_274_,sky130_fd_sc_hd__o31ai_4,sky130_fd_sc_hd__o31ai_2,50.76,14.8068,318.86404010032476,4000.0,-0.0999999999999659,-3855.2,114.5,399.1,359.5,293.3394699999999,13.35941567,35.708999999999996,4000.000 ps (0.250 GHz),509.8
10,_274_,sky130_fd_sc_hd__o31ai_4,sky130_fd_sc_hd__o31ai_2,50.76,34.541000000000004,563.7976032896421,4000.0,-0.0999999999999659,-3855.2,114.5,399.1,359.5,293.3394699999999,13.35941567,35.708999999999996,4000.000 ps (0.250 GHz),509.8
10,_274_,sky130_fd_sc_hd__o31ai_4,sky130_fd_sc_hd__o31ai_2,50.76,80.5764,1131.9702310548064,4000.0,-0.0999999999999659,-3855.2,114.5,399.1,359.5,293.3394699999999,13.35941567,35.708999999999996,4000.000 ps (0.250 GHz),509.8
10,_274_,sky130_fd_sc_hd__o31ai_4,sky130_fd_sc_hd__o31ai_4,50.76,0.5,135.6105128770074,4000.0,-0.0999999999999659,-3855.2,114.5,399.1,359.5,293.3394699999999,13.35941567,35.708999999999996,4000.000 ps (0.250 GHz),509.8
10,_274_,sky130_fd_sc_hd__o31ai_4,sky130_fd_sc_hd__o31ai_4,50.76,1.2858800000000001,141.35545408595755,4000.0,-0.0999999999999659,-3855.2,114.5,399.1,359.5,293.3394699999999,13.35941567,35.708999999999996,4000.000 ps (0.250 GHz),509.8
10,_274_,sky130_fd_sc_hd__o31ai_4,sky130_fd_sc_hd__o31ai_4,50.76,3.3069900000000003,157.1286893618507,4000.0,-0.0999999999999659,-3855.2,114.5,399.1,359.5,293.3394699999999,13.35941567,35.708999999999996,4000.000 ps (0.250 GHz),509.8
10,_274_,sky130_fd_sc_hd__o31ai_4,sky130_fd_sc_hd__o31ai_4,50.76,8.5048,194.95285941899388,4000.0,-0.0999999999999659,-3855.2,114.5,399.1,359.5,293.3394699999999,13.35941567,35.708999999999996,4000.000 ps (0.250 GHz),509.8
10,_274_,sky130_fd_sc_hd__o31ai_4,sky130_fd_sc_hd__o31ai_4,50.76,21.8724,290.6728270065786,4000.0,-0.0999999999999659,-3855.2,114.5,399.1,359.5,293.3394699999999,13.35941567,35.708999999999996,4000.000 ps (0.250 GHz),509.8
10,_274_,sky130_fd_sc_hd__o31ai_4,sky130_fd_sc_hd__o31ai_4,50.76,56.2506,530.9405841458267,4000.0,-0.0999999999999659,-3855.2,114.5,399.1,359.5,293.3394699999999,13.35941567,35.708999999999996,4000.000 ps (0.250 GHz),509.8
10,_274_,sky130_fd_sc_hd__o31ai_4,sky130_fd_sc_hd__o31ai_4,50.76,144.663,1141.6349961665167,4000.0,-0.0999999999999659,-3855.2,114.5,399.1,359.5,293.3394699999999,13.35941567,35.708999999999996,4000.000 ps (0.250 GHz),509.8
11,place60,sky130_fd_sc_hd__buf_4,sky130_fd_sc_hd__buf_1,166.6,0.5,121.5976409704887,4000.0,-0.0999999999999659,-3855.2,114.5,399.1,359.5,309.88869,17.018353869999995,36.425999999999995,4000.000 ps (0.250 GHz),509.8
11,place60,sky130_fd_sc_hd__buf_4,sky130_fd_sc_hd__buf_1,166.6,1.2632100000000002,127.03299313550681,4000.0,-0.0999999999999659,-3855.2,114.5,399.1,359.5,309.88869,17.018353869999995,36.425999999999995,4000.000 ps (0.250 GHz),509.8
11,place60,sky130_fd_sc_hd__buf_4,sky130_fd_sc_hd__buf_1,166.6,3.1913699999999996,138.29331119390378,4000.0,-0.0999999999999659,-3855.2,114.5,399.1,359.5,309.88869,17.018353869999995,36.425999999999995,4000.000 ps (0.250 GHz),509.8
11,place60,sky130_fd_sc_hd__buf_4,sky130_fd_sc_hd__buf_1,166.6,8.06272,161.5297479188173,4000.0,-0.0999999999999659,-3855.2,114.5,399.1,359.5,309.88869,17.018353869999995,36.425999999999995,4000.000 ps (0.250 GHz),509.8
11,place60,sky130_fd_sc_hd__buf_4,sky130_fd_sc_hd__buf_1,166.6,20.3697,248.32938855271308,4000.0,-0.0999999999999659,-3855.2,114.5,399.1,359.5,309.88869,17.018353869999995,36.425999999999995,4000.000 ps (0.250 GHz),509.8
11,place60,sky130_fd_sc_hd__buf_4,sky130_fd_sc_hd__buf_1,166.6,51.4623,493.928994589488,4000.0,-0.0999999999999659,-3855.2,114.5,399.1,359.5,309.88869,17.018353869999995,36.425999999999995,4000.000 ps (0.250 GHz),509.8
11,place60,sky130_fd_sc_hd__buf_4,sky130_fd_sc_hd__buf_1,166.6,130.015,1110.40511571038,4000.0,-0.0999999999999659,-3855.2,114.5,399.1,359.5,309.88869,17.018353869999995,36.425999999999995,4000.000 ps (0.250 GHz),509.8
11,place60,sky130_fd_sc_hd__buf_4,sky130_fd_sc_hd__buf_2,166.6,0.5,157.81110614000517,4000.0,-0.0999999999999659,-3855.2,114.5,399.1,359.5,309.88869,17.018353869999995,36.425999999999995,4000.000 ps (0.250 GHz),509.8
11,place60,sky130_fd_sc_hd__buf_4,sky130_fd_sc_hd__buf_2,166.6,1.46462,162.51413376064366,4000.0,-0.0999999999999659,-3855.2,114.5,399.1,359.5,309.88869,17.018353869999995,36.425999999999995,4000.000 ps (0.250 GHz),509.8
11,place60,sky130_fd_sc_hd__buf_4,sky130_fd_sc_hd__buf_2,166.6,4.29024,173.0048821274173,4000.0,-0.0999999999999659,-3855.2,114.5,399.1,359.5,309.88869,17.018353869999995,36.425999999999995,4000.000 ps (0.250 GHz),509.8
11,place60,sky130_fd_sc_hd__buf_4,sky130_fd_sc_hd__buf_2,166.6,12.5672,194.35394308076354,4000.0,-0.0999999999999659,-3855.2,114.5,399.1,359.5,309.88869,17.018353869999995,36.425999999999995,4000.000 ps (0.250 GHz),509.8
11,place60,sky130_fd_sc_hd__buf_4,sky130_fd_sc_hd__buf_2,166.6,36.8123,247.46789799170404,4000.0,-0.0999999999999659,-3855.2,114.5,399.1,359.5,309.88869,17.018353869999995,36.425999999999995,4000.000 ps (0.250 GHz),509.8
11,place60,sky130_fd_sc_hd__buf_4,sky130_fd_sc_hd__buf_2,166.6,107.832,480.1115497506835,4000.0,-0.0999999999999659,-3855.2,114.5,399.1,359.5,309.88869,17.018353869999995,36.425999999999995,4000.000 ps (0.250 GHz),509.8
11,place60,sky130_fd_sc_hd__buf_4,sky130_fd_sc_hd__buf_2,166.6,315.867,1172.2639120948218,4000.0,-0.0999999999999659,-3855.2,114.5,399.1,359.5,309.88869,17.018353869999995,36.425999999999995,4000.000 ps (0.250 GHz),509.8
11,place60,sky130_fd_sc_hd__buf_4,sky130_fd_sc_hd__buf_4,166.6,0.5,172.45361495898948,4000.0,-0.0999999999999659,-3855.2,114.5,399.1,359.5,309.88869,17.018353869999995,36.425999999999995,4000.000 ps (0.250 GHz),509.8
11,place60,sky130_fd_sc_hd__buf_4,sky130_fd_sc_hd__buf_4,166.6,1.61188,175.86871656187242,4000.0,-0.0999999999999659,-3855.2,114.5,399.1,359.5,309.88869,17.018353869999995,36.425999999999995,4000.000 ps (0.250 GHz),509.8
11,place60,sky130_fd_sc_hd__buf_4,sky130_fd_sc_hd__buf_4,166.6,5.19629,184.5692892797037,4000.0,-0.0999999999999659,-3855.2,114.5,399.1,359.5,309.88869,17.018353869999995,36.425999999999995,4000.000 ps (0.250 GHz),509.8
11,place60,sky130_fd_sc_hd__buf_4,sky130_fd_sc_hd__buf_4,166.6,16.7515,203.67871629409962,4000.0,-0.0999999999999659,-3855.2,114.5,399.1,359.5,309.88869,17.018353869999995,36.425999999999995,4000.000 ps (0.250 GHz),509.8
11,place60,sky130_fd_sc_hd__buf_4,sky130_fd_sc_hd__buf_4,166.6,54.00279999999999,244.97875062344764,4000.0,-0.0999999999999659,-3855.2,114.5,399.1,359.5,309.88869,17.018353869999995,36.425999999999995,4000.000 ps (0.250 GHz),509.8
11,place60,sky130_fd_sc_hd__buf_4,sky130_fd_sc_hd__buf_4,166.6,174.09199999999998,456.9577362782085,4000.0,-0.0999999999999659,-3855.2,114.5,399.1,359.5,309.88869,17.018353869999995,36.425999999999995,4000.000 ps (0.250 GHz),509.8
11,place60,sky130_fd_sc_hd__buf_4,sky130_fd_sc_hd__buf_4,166.6,561.228,1177.4389863054237,4000.0,-0.0999999999999659,-3855.2,114.5,399.1,359.5,309.88869,17.018353869999995,36.425999999999995,4000.000 ps (0.250 GHz),509.8
11,place60,sky130_fd_sc_hd__buf_4,sky130_fd_sc_hd__buf_6,166.6,0.5,156.09581435650068,4000.0,-0.0999999999999659,-3855.2,114.5,399.1,359.5,309.88869,17.018353869999995,36.425999999999995,4000.000 ps (0.250 GHz),509.8
11,place60,sky130_fd_sc_hd__buf_4,sky130_fd_sc_hd__buf_6,166.6,1.70478,158.4997207542684,4000.0,-0.0999999999999659,-3855.2,114.5,399.1,359.5,309.88869,17.018353869999995,36.425999999999995,4000.000 ps (0.250 GHz),509.8
11,place60,sky130_fd_sc_hd__buf_4,sky130_fd_sc_hd__buf_6,166.6,5.81257,165.1563675544461,4000.0,-0.0999999999999659,-3855.2,114.5,399.1,359.5,309.88869,17.018353869999995,36.425999999999995,4000.000 ps (0.250 GHz),509.8
11,place60,sky130_fd_sc_hd__buf_4,sky130_fd_sc_hd__buf_6,166.6,19.8183,181.04511236822512,4000.0,-0.0999999999999659,-3855.2,114.5,399.1,359.5,309.88869,17.018353869999995,36.425999999999995,4000.000 ps (0.250 GHz),509.8
11,place60,sky130_fd_sc_hd__buf_4,sky130_fd_sc_hd__buf_6,166.6,67.5719,217.34143369119792,4000.0,-0.0999999999999659,-3855.2,114.5,399.1,359.5,309.88869,17.018353869999995,36.425999999999995,4000.000 ps (0.250 GHz),509.8
11,place60,sky130_fd_sc_hd__buf_4,sky130_fd_sc_hd__buf_6,166.6,230.39100000000002,423.41121103874576,4000.0,-0.0999999999999659,-3855.2,114.5,399.1,359.5,309.88869,17.018353869999995,36.425999999999995,4000.000 ps (0.250 GHz),509.8
11,place60,sky130_fd_sc_hd__buf_4,sky130_fd_sc_hd__buf_6,166.6,785.532,1158.8491418082172,4000.0,-0.0999999999999659,-3855.2,114.5,399.1,359.5,309.88869,17.018353869999995,36.425999999999995,4000.000 ps (0.250 GHz),509.8
11,place60,sky130_fd_sc_hd__buf_4,sky130_fd_sc_hd__buf_8,166.6,0.5,159.9774225858986,4000.0,-0.0999999999999659,-3855.2,114.5,399.1,359.5,309.88869,17.018353869999995,36.425999999999995,4000.000 ps (0.250 GHz),509.8
11,place60,sky130_fd_sc_hd__buf_4,sky130_fd_sc_hd__buf_8,166.6,2.32079,162.70021721133773,4000.0,-0.0999999999999659,-3855.2,114.5,399.1,359.5,309.88869,17.018353869999995,36.425999999999995,4000.000 ps (0.250 GHz),509.8
11,place60,sky130_fd_sc_hd__buf_4,sky130_fd_sc_hd__buf_8,166.6,10.7722,172.44221200122854,4000.0,-0.0999999999999659,-3855.2,114.5,399.1,359.5,309.88869,17.018353869999995,36.425999999999995,4000.000 ps (0.250 GHz),509.8
11,place60,sky130_fd_sc_hd__buf_4,sky130_fd_sc_hd__buf_8,166.6,50.0,201.11527689703536,4000.0,-0.0999999999999659,-3855.2,114.5,399.1,359.5,309.88869,17.018353869999995,36.425999999999995,4000.000 ps (0.250 GHz),509.8
11,place60,sky130_fd_sc_hd__buf_4,sky130_fd_sc_hd__buf_8,166.6,232.079,363.85746449507724,4000.0,-0.0999999999999659,-3855.2,114.5,399.1,359.5,309.88869,17.018353869999995,36.425999999999995,4000.000 ps (0.250 GHz),509.8
11,place60,sky130_fd_sc_hd__buf_4,sky130_fd_sc_hd__buf_8,166.6,1077.22,1265.7455672400752,4000.0,-0.0999999999999659,-3855.2,114.5,399.1,359.5,309.88869,17.018353869999995,36.425999999999995,4000.000 ps (0.250 GHz),509.8
11,place60,sky130_fd_sc_hd__buf_4,sky130_fd_sc_hd__buf_8,166.6,5000.0,5450.646191060124,4000.0,-0.0999999999999659,-3855.2,114.5,399.1,359.5,309.88869,17.018353869999995,36.425999999999995,4000.000 ps (0.250 GHz),509.8
11,place60,sky130_fd_sc_hd__buf_4,sky130_fd_sc_hd__buf_12,166.6,0.5,166.18284759905404,4000.0,-0.0999999999999659,-3855.2,114.5,399.1,359.5,309.88869,17.018353869999995,36.425999999999995,4000.000 ps (0.250 GHz),509.8
11,place60,sky130_fd_sc_hd__buf_4,sky130_fd_sc_hd__buf_12,166.6,2.32079,168.17541721161504,4000.0,-0.0999999999999659,-3855.2,114.5,399.1,359.5,309.88869,17.018353869999995,36.425999999999995,4000.000 ps (0.250 GHz),509.8
11,place60,sky130_fd_sc_hd__buf_4,sky130_fd_sc_hd__buf_12,166.6,10.7722,175.76227281742743,4000.0,-0.0999999999999659,-3855.2,114.5,399.1,359.5,309.88869,17.018353869999995,36.425999999999995,4000.000 ps (0.250 GHz),509.8
11,place60,sky130_fd_sc_hd__buf_4,sky130_fd_sc_hd__buf_12,166.6,50.0,198.91106821361245,4000.0,-0.0999999999999659,-3855.2,114.5,399.1,359.5,309.88869,17.018353869999995,36.425999999999995,4000.000 ps (0.250 GHz),509.8
11,place60,sky130_fd_sc_hd__buf_4,sky130_fd_sc_hd__buf_12,166.6,232.079,298.1602960025486,4000.0,-0.0999999999999659,-3855.2,114.5,399.1,359.5,309.88869,17.018353869999995,36.425999999999995,4000.000 ps (0.250 GHz),509.8
11,place60,sky130_fd_sc_hd__buf_4,sky130_fd_sc_hd__buf_12,166.6,1077.22,939.8597974715901,4000.0,-0.0999999999999659,-3855.2,114.5,399.1,359.5,309.88869,17.018353869999995,36.425999999999995,4000.000 ps (0.250 GHz),509.8
11,place60,sky130_fd_sc_hd__buf_4,sky130_fd_sc_hd__buf_12,166.6,5000.0,3905.2613249859087,4000.0,-0.0999999999999659,-3855.2,114.5,399.1,359.5,309.88869,17.018353869999995,36.425999999999995,4000.000 ps (0.250 GHz),509.8
11,place60,sky130_fd_sc_hd__buf_4,sky130_fd_sc_hd__buf_16,166.6,0.5,169.73136423647483,4000.0,-0.0999999999999659,-3855.2,114.5,399.1,359.5,309.88869,17.018353869999995,36.425999999999995,4000.000 ps (0.250 GHz),509.8
11,place60,sky130_fd_sc_hd__buf_4,sky130_fd_sc_hd__buf_16,166.6,2.32079,171.42880550663529,4000.0,-0.0999999999999659,-3855.2,114.5,399.1,359.5,309.88869,17.018353869999995,36.425999999999995,4000.000 ps (0.250 GHz),509.8
11,place60,sky130_fd_sc_hd__buf_4,sky130_fd_sc_hd__buf_16,166.6,10.7722,178.308377030635,4000.0,-0.0999999999999659,-3855.2,114.5,399.1,359.5,309.88869,17.018353869999995,36.425999999999995,4000.000 ps (0.250 GHz),509.8
11,place60,sky130_fd_sc_hd__buf_4,sky130_fd_sc_hd__buf_16,166.6,50.0,200.48808524136334,4000.0,-0.0999999999999659,-3855.2,114.5,399.1,359.5,309.88869,17.018353869999995,36.425999999999995,4000.000 ps (0.250 GHz),509.8
11,place60,sky130_fd_sc_hd__buf_4,sky130_fd_sc_hd__buf_16,166.6,232.079,282.11333788864016,4000.0,-0.0999999999999659,-3855.2,114.5,399.1,359.5,309.88869,17.018353869999995,36.425999999999995,4000.000 ps (0.250 GHz),509.8
11,place60,sky130_fd_sc_hd__buf_4,sky130_fd_sc_hd__buf_16,166.6,1077.22,852.8110132035562,4000.0,-0.0999999999999659,-3855.2,114.5,399.1,359.5,309.88869,17.018353869999995,36.425999999999995,4000.000 ps (0.250 GHz),509.8
11,place60,sky130_fd_sc_hd__buf_4,sky130_fd_sc_hd__buf_16,166.6,5000.0,3481.572175663717,4000.0,-0.0999999999999659,-3855.2,114.5,399.1,359.5,309.88869,17.018353869999995,36.425999999999995,4000.000 ps (0.250 GHz),509.8
12,_282_,sky130_fd_sc_hd__or3_1,sky130_fd_sc_hd__or3_1,79.84,0.5,283.9382462111215,4000.0,-0.0999999999999659,-3855.2,114.5,399.1,359.5,32.6874,0.441408,2.3240000000000003,4000.000 ps (0.250 GHz),509.8
12,_282_,sky130_fd_sc_hd__or3_1,sky130_fd_sc_hd__or3_1,79.84,1.31775,295.27969496243935,4000.0,-0.0999999999999659,-3855.2,114.5,399.1,359.5,32.6874,0.441408,2.3240000000000003,4000.000 ps (0.250 GHz),509.8
12,_282_,sky130_fd_sc_hd__or3_1,sky130_fd_sc_hd__or3_1,79.84,3.47293,318.8099969347184,4000.0,-0.0999999999999659,-3855.2,114.5,399.1,359.5,32.6874,0.441408,2.3240000000000003,4000.000 ps (0.250 GHz),509.8
12,_282_,sky130_fd_sc_hd__or3_1,sky130_fd_sc_hd__or3_1,79.84,9.15291,362.1897875294739,4000.0,-0.0999999999999659,-3855.2,114.5,399.1,359.5,32.6874,0.441408,2.3240000000000003,4000.000 ps (0.250 GHz),509.8
12,_282_,sky130_fd_sc_hd__or3_1,sky130_fd_sc_hd__or3_1,79.84,24.122500000000002,441.32819622200975,4000.0,-0.0999999999999659,-3855.2,114.5,399.1,359.5,32.6874,0.441408,2.3240000000000003,4000.000 ps (0.250 GHz),509.8
12,_282_,sky130_fd_sc_hd__or3_1,sky130_fd_sc_hd__or3_1,79.84,63.5748,597.1079955253089,4000.0,-0.0999999999999659,-3855.2,114.5,399.1,359.5,32.6874,0.441408,2.3240000000000003,4000.000 ps (0.250 GHz),509.8
12,_282_,sky130_fd_sc_hd__or3_1,sky130_fd_sc_hd__or3_1,79.84,167.55100000000002,1131.7185052328273,4000.0,-0.0999999999999659,-3855.2,114.5,399.1,359.5,32.6874,0.441408,2.3240000000000003,4000.000 ps (0.250 GHz),509.8
12,_282_,sky130_fd_sc_hd__or3_1,sky130_fd_sc_hd__or3_2,79.84,0.5,390.27340453353065,4000.0,-0.0999999999999659,-3855.2,114.5,399.1,359.5,32.6874,0.441408,2.3240000000000003,4000.000 ps (0.250 GHz),509.8
12,_282_,sky130_fd_sc_hd__or3_1,sky130_fd_sc_hd__or3_2,79.84,1.46035,400.52992710585784,4000.0,-0.0999999999999659,-3855.2,114.5,399.1,359.5,32.6874,0.441408,2.3240000000000003,4000.000 ps (0.250 GHz),509.8
12,_282_,sky130_fd_sc_hd__or3_1,sky130_fd_sc_hd__or3_2,79.84,4.26522,423.6103949139832,4000.0,-0.0999999999999659,-3855.2,114.5,399.1,359.5,32.6874,0.441408,2.3240000000000003,4000.000 ps (0.250 GHz),509.8
12,_282_,sky130_fd_sc_hd__or3_1,sky130_fd_sc_hd__or3_2,79.84,12.4574,469.2865976149787,4000.0,-0.0999999999999659,-3855.2,114.5,399.1,359.5,32.6874,0.441408,2.3240000000000003,4000.000 ps (0.250 GHz),509.8
12,_282_,sky130_fd_sc_hd__or3_1,sky130_fd_sc_hd__or3_2,79.84,36.3842,553.6235592870606,4000.0,-0.0999999999999659,-3855.2,114.5,399.1,359.5,32.6874,0.441408,2.3240000000000003,4000.000 ps (0.250 GHz),509.8
12,_282_,sky130_fd_sc_hd__or3_1,sky130_fd_sc_hd__or3_2,79.84,106.267,713.6621911948325,4000.0,-0.0999999999999659,-3855.2,114.5,399.1,359.5,32.6874,0.441408,2.3240000000000003,4000.000 ps (0.250 GHz),509.8
12,_282_,sky130_fd_sc_hd__or3_1,sky130_fd_sc_hd__or3_2,79.84,310.37399999999997,1136.667774818542,4000.0,-0.0999999999999659,-3855.2,114.5,399.1,359.5,32.6874,0.441408,2.3240000000000003,4000.000 ps (0.250 GHz),509.8
12,_282_,sky130_fd_sc_hd__or3_1,sky130_fd_sc_hd__or3_4,79.84,0.5,314.45400428187617,4000.0,-0.0999999999999659,-3855.2,114.5,399.1,359.5,32.6874,0.441408,2.3240000000000003,4000.000 ps (0.250 GHz),509.8
12,_282_,sky130_fd_sc_hd__or3_1,sky130_fd_sc_hd__or3_4,79.84,1.59754,320.2513224330159,4000.0,-0.0999999999999659,-3855.2,114.5,399.1,359.5,32.6874,0.441408,2.3240000000000003,4000.000 ps (0.250 GHz),509.8
12,_282_,sky130_fd_sc_hd__or3_1,sky130_fd_sc_hd__or3_4,79.84,5.10425,335.69734831189584,4000.0,-0.0999999999999659,-3855.2,114.5,399.1,359.5,32.6874,0.441408,2.3240000000000003,4000.000 ps (0.250 GHz),509.8
12,_282_,sky130_fd_sc_hd__or3_1,sky130_fd_sc_hd__or3_4,79.84,16.3085,369.78193166664505,4000.0,-0.0999999999999659,-3855.2,114.5,399.1,359.5,32.6874,0.441408,2.3240000000000003,4000.000 ps (0.250 GHz),509.8
12,_282_,sky130_fd_sc_hd__or3_1,sky130_fd_sc_hd__or3_4,79.84,52.1067,437.515596559472,4000.0,-0.0999999999999659,-3855.2,114.5,399.1,359.5,32.6874,0.441408,2.3240000000000003,4000.000 ps (0.250 GHz),509.8
12,_282_,sky130_fd_sc_hd__or3_1,sky130_fd_sc_hd__or3_4,79.84,166.48499999999999,574.2965106055427,4000.0,-0.0999999999999659,-3855.2,114.5,399.1,359.5,32.6874,0.441408,2.3240000000000003,4000.000 ps (0.250 GHz),509.8
12,_282_,sky130_fd_sc_hd__or3_1,sky130_fd_sc_hd__or3_4,79.84,531.931,1154.9890402791418,4000.0,-0.0999999999999659,-3855.2,114.5,399.1,359.5,32.6874,0.441408,2.3240000000000003,4000.000 ps (0.250 GHz),509.8
13,_284_,sky130_fd_sc_hd__a31oi_1,sky130_fd_sc_hd__a31oi_1,65.24,0.5,129.45830228262892,4000.0,-0.0999999999999659,-3855.2,114.5,399.1,359.5,31.8554,0.09576462,1.804,4000.000 ps (0.250 GHz),509.8
13,_284_,sky130_fd_sc_hd__a31oi_1,sky130_fd_sc_hd__a31oi_1,65.24,1.1280299999999999,139.12804159740762,4000.0,-0.0999999999999659,-3855.2,114.5,399.1,359.5,31.8554,0.09576462,1.804,4000.000 ps (0.250 GHz),509.8
13,_284_,sky130_fd_sc_hd__a31oi_1,sky130_fd_sc_hd__a31oi_1,65.24,2.5449,160.7148622894647,4000.0,-0.0999999999999659,-3855.2,114.5,399.1,359.5,31.8554,0.09576462,1.804,4000.000 ps (0.250 GHz),509.8
13,_284_,sky130_fd_sc_hd__a31oi_1,sky130_fd_sc_hd__a31oi_1,65.24,5.741429999999999,208.3066623448431,4000.0,-0.0999999999999659,-3855.2,114.5,399.1,359.5,31.8554,0.09576462,1.804,4000.000 ps (0.250 GHz),509.8
13,_284_,sky130_fd_sc_hd__a31oi_1,sky130_fd_sc_hd__a31oi_1,65.24,12.953,314.07599896771177,4000.0,-0.0999999999999659,-3855.2,114.5,399.1,359.5,31.8554,0.09576462,1.804,4000.000 ps (0.250 GHz),509.8
13,_284_,sky130_fd_sc_hd__a31oi_1,sky130_fd_sc_hd__a31oi_1,65.24,29.2227,549.9438238187741,4000.0,-0.0999999999999659,-3855.2,114.5,399.1,359.5,31.8554,0.09576462,1.804,4000.000 ps (0.250 GHz),509.8
13,_284_,sky130_fd_sc_hd__a31oi_1,sky130_fd_sc_hd__a31oi_1,65.24,65.9279,1079.811729472564,4000.0,-0.0999999999999659,-3855.2,114.5,399.1,359.5,31.8554,0.09576462,1.804,4000.000 ps (0.250 GHz),509.8
13,_284_,sky130_fd_sc_hd__a31oi_1,sky130_fd_sc_hd__a31oi_2,65.24,0.5,151.82281650363205,4000.0,-0.0999999999999659,-3855.2,114.5,399.1,359.5,31.8554,0.09576462,1.804,4000.000 ps (0.250 GHz),509.8
13,_284_,sky130_fd_sc_hd__a31oi_1,sky130_fd_sc_hd__a31oi_2,65.24,1.24315,158.71543967993009,4000.0,-0.0999999999999659,-3855.2,114.5,399.1,359.5,31.8554,0.09576462,1.804,4000.000 ps (0.250 GHz),509.8
13,_284_,sky130_fd_sc_hd__a31oi_1,sky130_fd_sc_hd__a31oi_2,65.24,3.09086,175.80854331327308,4000.0,-0.0999999999999659,-3855.2,114.5,399.1,359.5,31.8554,0.09576462,1.804,4000.000 ps (0.250 GHz),509.8
13,_284_,sky130_fd_sc_hd__a31oi_1,sky130_fd_sc_hd__a31oi_2,65.24,7.68482,216.31358843413213,4000.0,-0.0999999999999659,-3855.2,114.5,399.1,359.5,31.8554,0.09576462,1.804,4000.000 ps (0.250 GHz),509.8
13,_284_,sky130_fd_sc_hd__a31oi_1,sky130_fd_sc_hd__a31oi_2,65.24,19.1068,315.89241540990844,4000.0,-0.0999999999999659,-3855.2,114.5,399.1,359.5,31.8554,0.09576462,1.804,4000.000 ps (0.250 GHz),509.8
13,_284_,sky130_fd_sc_hd__a31oi_1,sky130_fd_sc_hd__a31oi_2,65.24,47.5054,559.2641167593246,4000.0,-0.0999999999999659,-3855.2,114.5,399.1,359.5,31.8554,0.09576462,1.804,4000.000 ps (0.250 GHz),509.8
13,_284_,sky130_fd_sc_hd__a31oi_1,sky130_fd_sc_hd__a31oi_2,65.24,118.113,1160.032394337125,4000.0,-0.0999999999999659,-3855.2,114.5,399.1,359.5,31.8554,0.09576462,1.804,4000.000 ps (0.250 GHz),509.8
13,_284_,sky130_fd_sc_hd__a31oi_1,sky130_fd_sc_hd__a31oi_4,65.24,0.5,153.87088307107908,4000.0,-0.0999999999999659,-3855.2,114.5,399.1,359.5,31.8554,0.09576462,1.804,4000.000 ps (0.250 GHz),509.8
13,_284_,sky130_fd_sc_hd__a31oi_1,sky130_fd_sc_hd__a31oi_4,65.24,1.36991,158.1306042749538,4000.0,-0.0999999999999659,-3855.2,114.5,399.1,359.5,31.8554,0.09576462,1.804,4000.000 ps (0.250 GHz),509.8
13,_284_,sky130_fd_sc_hd__a31oi_1,sky130_fd_sc_hd__a31oi_4,65.24,3.7533100000000004,171.0255130433466,4000.0,-0.0999999999999659,-3855.2,114.5,399.1,359.5,31.8554,0.09576462,1.804,4000.000 ps (0.250 GHz),509.8
13,_284_,sky130_fd_sc_hd__a31oi_1,sky130_fd_sc_hd__a31oi_4,65.24,10.2834,203.8245694583732,4000.0,-0.0999999999999659,-3855.2,114.5,399.1,359.5,31.8554,0.09576462,1.804,4000.000 ps (0.250 GHz),509.8
13,_284_,sky130_fd_sc_hd__a31oi_1,sky130_fd_sc_hd__a31oi_4,65.24,28.1747,291.7818601089397,4000.0,-0.0999999999999659,-3855.2,114.5,399.1,359.5,31.8554,0.09576462,1.804,4000.000 ps (0.250 GHz),509.8
13,_284_,sky130_fd_sc_hd__a31oi_1,sky130_fd_sc_hd__a31oi_4,65.24,77.1936,527.1348927523504,4000.0,-0.0999999999999659,-3855.2,114.5,399.1,359.5,31.8554,0.09576462,1.804,4000.000 ps (0.250 GHz),509.8
13,_284_,sky130_fd_sc_hd__a31oi_1,sky130_fd_sc_hd__a31oi_4,65.24,211.49699999999999,1166.92532535466,4000.0,-0.0999999999999659,-3855.2,114.5,399.1,359.5,31.8554,0.09576462,1.804,4000.000 ps (0.250 GHz),509.8